POLICY,,DURATION (DAYS),,,,AGE GROUP,,PRICING (2 DECIMAL PLACES MAXIMUM),,,,,,,,,,,,,,
,,,,,,,,,,,,,,,,,,,,,,
INSURER NAME,POLICY NAME,MINIMUM VALUE,UNIT,MAXIMUM VALUE,UNIT,AGE MINIMUM,AGE MAXIMUM,,REGION 1,,,REGION 2,,,REGION 3,,,REGION 4,,,REGION 5,
,,,,,,,,SINGLE,DUO,FAMILY,SINGLE,DUO,FAMILY,SINGLE,DUO,FAMILY,SINGLE,DUO,FAMILY,SINGLE,DUO,FAMILY
Fast Cover,Comprehensive,1,Days,5,Days,16,59,66.8,126.9,133.6,60.2,114.4,120.4,53.5,101.7,107,45.5,86.5,91,,,
Fast Cover,Comprehensive,6,Days,8,Days,16,59,71.1,135.1,142.2,64.1,121.8,128.2,56.9,108.1,113.8,48.5,92.2,97,,,
Fast Cover,Comprehensive,9,Days,12,Days,16,59,87.2,165.7,174.4,78.5,149.2,157,69.7,132.4,139.4,59.3,112.7,118.6,,,
Fast Cover,Comprehensive,13,Days,15,Days,16,59,92.3,175.4,184.6,83.1,157.9,166.2,73.8,140.2,147.6,62.7,119.1,125.4,,,
Fast Cover,Comprehensive,16,Days,18,Days,16,59,101.7,193.2,203.4,91.5,173.9,183,81.3,154.5,162.6,69.2,131.5,138.4,,,
Fast Cover,Comprehensive,19,Days,21,Days,16,59,129.2,245.5,258.4,116.4,221.2,232.8,103.4,196.5,206.8,88,167.2,176,,,
Fast Cover,Comprehensive,22,Days,24,Days,16,59,136.6,259.5,273.2,123,233.7,246,109.3,207.7,218.6,93.1,176.9,186.2,,,
Fast Cover,Comprehensive,25,Days,28,Days,16,59,162.7,309.1,325.4,144.1,273.8,288.2,130.1,247.2,260.2,110.8,210.5,221.6,,,
Fast Cover,Comprehensive,29,Days,32,Days,16,59,180.2,342.4,360.4,159.7,303.4,319.4,144.2,274,288.4,122.7,233.1,245.4,,,
Fast Cover,Comprehensive,33,Days,35,Days,16,59,195.4,371.3,390.8,173.1,328.9,346.2,156.3,297,312.6,133,252.7,266,,,
Fast Cover,Comprehensive,36,Days,40,Days,16,59,204,387.6,408,180.8,343.5,361.6,163.3,310.3,326.6,138.8,263.7,277.6,,,
Fast Cover,Comprehensive,41,Days,45,Days,16,59,233.9,444.4,467.8,207.2,393.7,414.4,187.1,355.5,374.2,159.2,302.5,318.4,,,
Fast Cover,Comprehensive,46,Days,54,Days,16,59,248.2,471.6,496.4,219.8,417.6,439.6,198.5,377.2,397,168.9,320.9,337.8,,,
Fast Cover,Comprehensive,55,Days,62,Days,16,59,273.8,520.2,547.6,242.5,460.8,485,219,416.1,438,186.4,354.2,372.8,,,
Fast Cover,Comprehensive,63,Days,92,Days,16,59,364,691.6,728,322.4,612.6,644.8,291.2,553.3,582.4,247.7,470.6,495.4,,,
Fast Cover,Comprehensive,93,Days,123,Days,16,59,419.2,796.5,838.4,371.3,705.5,742.6,335.2,636.9,670.4,281.5,534.9,563,,,
Fast Cover,Comprehensive,124,Days,153,Days,16,59,480.9,913.7,961.8,425.9,809.2,851.8,384.8,731.1,769.6,323,613.7,646,,,
Fast Cover,Comprehensive,154,Days,184,Days,16,59,555.7,1055.8,1111.4,492.2,935.2,984.4,444.5,844.6,889,373.3,709.3,746.6,,,
Fast Cover,Comprehensive,185,Days,215,Days,16,59,608.7,1156.5,1217.4,539.1,1024.3,1078.2,487,925.3,974,408.8,776.7,817.6,,,
Fast Cover,Comprehensive,216,Days,245,Days,16,59,670.5,1274,1341,593.8,1128.2,1187.6,536.5,1019.4,1073,450.4,855.8,900.8,,,
Fast Cover,Comprehensive,246,Days,276,Days,16,59,726.4,1380.2,1452.8,643.3,1222.3,1286.6,581.1,1104.1,1162.2,487.9,927,975.8,,,
Fast Cover,Comprehensive,277,Days,306,Days,16,59,767.1,1457.5,1534.2,679.5,1291.1,1359,613.7,1166,1227.4,515.2,978.9,1030.4,,,
Fast Cover,Comprehensive,307,Days,337,Days,16,59,807.7,1534.6,1615.4,715.4,1359.3,1430.8,646.2,1227.8,1292.4,542.6,1030.9,1085.2,,,
Fast Cover,Comprehensive,338,Days,366,Days,16,59,871.7,1656.2,1743.4,772.1,1467,1544.2,697.3,1324.9,1394.6,585.5,1112.5,1171,,,
Fast Cover,Comprehensive,1,Days,5,Days,60,69,80.2,152.4,160.4,72.2,137.2,144.4,64.1,121.8,128.2,54.6,103.7,109.2,,,
Fast Cover,Comprehensive,6,Days,8,Days,60,69,85.4,162.3,170.8,76.9,146.1,153.8,68.3,129.8,136.6,58.1,110.4,116.2,,,
Fast Cover,Comprehensive,9,Days,12,Days,60,69,104.6,198.7,209.2,94.1,178.8,188.2,83.7,159,167.4,71.2,135.3,142.4,,,
Fast Cover,Comprehensive,13,Days,15,Days,60,69,110.7,210.3,221.4,99.6,189.2,199.2,88.6,168.3,177.2,75.3,143.1,150.6,,,
Fast Cover,Comprehensive,16,Days,18,Days,60,69,122.1,232,244.2,109.8,208.6,219.6,97.6,185.4,195.2,83,157.7,166,,,
Fast Cover,Comprehensive,19,Days,21,Days,60,69,155.2,294.9,310.4,139.6,265.2,279.2,124.2,236,248.4,105.6,200.6,211.2,,,
Fast Cover,Comprehensive,22,Days,24,Days,60,69,164,311.6,328,147.6,280.4,295.2,131.1,249.1,262.2,111.6,212,223.2,,,
Fast Cover,Comprehensive,25,Days,28,Days,60,69,195.3,371.1,390.6,173,328.7,346,156.2,296.8,312.4,132.9,252.5,265.8,,,
Fast Cover,Comprehensive,29,Days,32,Days,60,69,216.4,411.2,432.8,191.6,364,383.2,173.1,328.9,346.2,147.3,279.9,294.6,,,
Fast Cover,Comprehensive,33,Days,35,Days,60,69,234.5,445.6,469,207.6,394.4,415.2,187.6,356.4,375.2,159.6,303.2,319.2,,,
Fast Cover,Comprehensive,36,Days,40,Days,60,69,244.9,465.3,489.8,216.9,412.1,433.8,196,372.4,392,166.6,316.5,333.2,,,
Fast Cover,Comprehensive,41,Days,45,Days,60,69,280.7,533.3,561.4,248.7,472.5,497.4,224.5,426.6,449,191,362.9,382,,,
Fast Cover,Comprehensive,46,Days,54,Days,60,69,297.8,565.8,595.6,263.8,501.2,527.6,238.3,452.8,476.6,202.7,385.1,405.4,,,
Fast Cover,Comprehensive,55,Days,62,Days,60,69,328.6,624.3,657.2,291,552.9,582,262.9,499.5,525.8,223.7,425,447.4,,,
Fast Cover,Comprehensive,63,Days,92,Days,60,69,436.7,829.7,873.4,386.8,734.9,773.6,349.4,663.9,698.8,297.3,564.9,594.6,,,
Fast Cover,Comprehensive,93,Days,123,Days,60,69,503,955.7,1006,445.4,846.3,890.8,402.4,764.6,804.8,337.8,641.8,675.6,,,
Fast Cover,Comprehensive,124,Days,153,Days,60,69,577,1096.3,1154,511.1,971.1,1022.2,461.7,877.2,923.4,387.6,736.4,775.2,,,
Fast Cover,Comprehensive,154,Days,184,Days,60,69,666.8,1266.9,1333.6,590.6,1122.1,1181.2,533.5,1013.7,1067,447.9,851,895.8,,,
Fast Cover,Comprehensive,185,Days,215,Days,60,69,730.5,1388,1461,646.9,1229.1,1293.8,584.4,1110.4,1168.8,490.7,932.3,981.4,,,
Fast Cover,Comprehensive,216,Days,245,Days,60,69,804.6,1528.7,1609.2,712.7,1354.1,1425.4,643.6,1222.8,1287.2,540.4,1026.8,1080.8,,,
Fast Cover,Comprehensive,246,Days,276,Days,60,69,871.7,1656.2,1743.4,772.1,1467,1544.2,697.3,1324.9,1394.6,585.5,1112.5,1171,,,
Fast Cover,Comprehensive,277,Days,306,Days,60,69,920.5,1749,1841,815.4,1549.3,1630.8,736.5,1399.4,1473,618.3,1174.8,1236.6,,,
Fast Cover,Comprehensive,307,Days,337,Days,60,69,969.3,1841.7,1938.6,858.5,1631.2,1717,775.4,1473.3,1550.8,651.1,1237.1,1302.2,,,
Fast Cover,Comprehensive,338,Days,366,Days,60,69,1046,1987.4,2092,926.5,1760.4,1853,836.9,1590.1,1673.8,702.5,1334.8,1405,,,
Fast Cover,Comprehensive,1,Days,5,Days,70,74,113.9,216.4,227.8,101.9,193.6,203.8,90.9,172.7,181.8,76.9,146.1,153.8,,,
Fast Cover,Comprehensive,6,Days,8,Days,70,74,120.9,229.7,241.8,108.9,206.9,217.8,96.9,184.1,193.8,80.9,153.7,161.8,,,
Fast Cover,Comprehensive,9,Days,12,Days,70,74,147.9,281,295.8,133.9,254.4,267.8,118.9,225.9,237.8,99.9,189.8,199.8,,,
Fast Cover,Comprehensive,13,Days,15,Days,70,74,156.9,298.1,313.8,140.9,267.7,281.8,125.9,239.2,251.8,105.9,201.2,211.8,,,
Fast Cover,Comprehensive,16,Days,18,Days,70,74,172.9,328.5,345.8,155.9,296.2,311.8,137.9,262,275.8,115.9,220.2,231.8,,,
Fast Cover,Comprehensive,19,Days,21,Days,70,74,219.9,417.8,439.8,197.9,376,395.8,175.9,334.2,351.8,147.9,281,295.8,,,
Fast Cover,Comprehensive,22,Days,24,Days,70,74,231.9,440.6,463.8,208.9,396.9,417.8,185.9,353.2,371.8,156.9,298.1,313.8,,,
Fast Cover,Comprehensive,25,Days,28,Days,70,74,276.9,526.1,553.8,238.9,453.9,477.8,220.9,419.7,441.8,185.9,353.2,371.8,,,
Fast Cover,Comprehensive,29,Days,32,Days,70,74,306.9,583.1,613.8,264.9,503.3,529.8,244.9,465.3,489.8,205.9,391.2,411.8,,,
Fast Cover,Comprehensive,33,Days,35,Days,70,74,331.9,630.6,663.8,287.9,547,575.8,265.9,505.2,531.8,223.9,425.4,447.8,,,
Fast Cover,Comprehensive,36,Days,40,Days,70,74,346.9,659.1,693.8,299.9,569.8,599.8,277.9,528,555.8,232.9,442.5,465.8,,,
Fast Cover,Comprehensive,41,Days,45,Days,70,74,397.9,756,795.8,343.9,653.4,687.8,317.9,604,635.8,267.9,509,535.8,,,
Fast Cover,Comprehensive,46,Days,54,Days,70,74,421.9,801.6,843.8,364.9,693.3,729.8,337.9,642,675.8,283.9,539.4,567.8,,,
Fast Cover,Comprehensive,55,Days,62,Days,70,74,465.9,885.2,931.8,402.9,765.5,805.8,371.9,706.6,743.8,312.9,594.5,625.8,,,
Fast Cover,Comprehensive,63,Days,92,Days,70,74,618.9,1175.9,1237.8,534.9,1016.3,1069.8,494.9,940.3,989.8,415.9,790.2,831.8,,,
Fast Cover,Comprehensive,93,Days,123,Days,70,74,711.9,1352.6,1423.8,616.9,1172.1,1233.8,569.9,1082.8,1139.8,479.9,911.8,959.8,,,
Fast Cover,Comprehensive,124,Days,153,Days,70,74,816.9,1552.1,1633.8,706.9,1343.1,1413.8,653.9,1242.4,1307.8,549.9,1044.8,1099.8,,,
Fast Cover,Comprehensive,154,Days,184,Days,70,74,944.9,1795.3,1889.8,817.9,1554,1635.8,755.9,1436.2,1511.8,635.9,1208.2,1271.8,,,
Fast Cover,Comprehensive,185,Days,215,Days,70,74,1034.9,1966.3,2069.8,895.9,1702.2,1791.8,827.9,1573,1655.8,695.9,1322.2,1391.8,,,
Fast Cover,Comprehensive,216,Days,245,Days,70,74,1139.9,2165.8,2279.8,986.9,1875.1,1973.8,911.9,1732.6,1823.8,766.9,1457.1,1533.8,,,
Fast Cover,Comprehensive,246,Days,276,Days,70,74,1234.9,2346.3,2469.8,1068.9,2030.9,2137.8,987.9,1877,1975.8,830.9,1578.7,1661.8,,,
Fast Cover,Comprehensive,277,Days,306,Days,70,74,1303.9,2477.4,2607.8,1128.9,2144.9,2257.8,1042.9,1981.5,2085.8,876.9,1666.1,1753.8,,,
Fast Cover,Comprehensive,307,Days,337,Days,70,74,1372.9,2608.5,2745.8,1187.9,2257,2375.8,1097.9,2086,2195.8,923.9,1755.4,1847.8,,,
Fast Cover,Comprehensive,338,Days,366,Days,70,74,1480.9,2813.7,2961.8,1281.9,2435.6,2563.8,1185.9,2253.2,2371.8,996.9,1894.1,1993.8,,,
Fast Cover,Comprehensive,1,Days,5,Days,75,79,156.9,298.1,313.8,140.9,267.7,281.8,125.9,239.2,251.8,105.9,201.2,211.8,,,
Fast Cover,Comprehensive,6,Days,8,Days,75,79,166.9,317.1,333.8,150.9,286.7,301.8,133.9,254.4,267.8,112.9,214.5,225.8,,,
Fast Cover,Comprehensive,9,Days,12,Days,75,79,204.9,389.3,409.8,183.9,349.4,367.8,163.9,311.4,327.8,137.9,262,275.8,,,
Fast Cover,Comprehensive,13,Days,15,Days,75,79,216.9,412.1,433.8,194.9,370.3,389.8,172.9,328.5,345.8,145.9,277.2,291.8,,,
Fast Cover,Comprehensive,16,Days,18,Days,75,79,238.9,453.9,477.8,214.9,408.3,429.8,190.9,362.7,381.8,160.9,305.7,321.8,,,
Fast Cover,Comprehensive,19,Days,21,Days,75,79,303.9,577.4,607.8,272.9,518.5,545.8,242.9,461.5,485.8,203.9,387.4,407.8,,,
Fast Cover,Comprehensive,22,Days,24,Days,75,79,320.9,609.7,641.8,288.9,548.9,577.8,256.9,488.1,513.8,215.9,410.2,431.8,,,
Fast Cover,Comprehensive,25,Days,28,Days,75,79,381.9,725.6,763.8,330.9,628.7,661.8,305.9,581.2,611.8,256.9,488.1,513.8,,,
Fast Cover,Comprehensive,29,Days,32,Days,75,79,422.9,803.5,845.8,365.9,695.2,731.8,338.9,643.9,677.8,284.9,541.3,569.8,,,
Fast Cover,Comprehensive,33,Days,35,Days,75,79,458.9,871.9,917.8,396.9,754.1,793.8,366.9,697.1,733.8,308.9,586.9,617.8,,,
Fast Cover,Comprehensive,36,Days,40,Days,75,79,478.9,909.9,957.8,414.9,788.3,829.8,382.9,727.5,765.8,322.9,613.5,645.8,,,
Fast Cover,Comprehensive,41,Days,45,Days,75,79,548.9,1042.9,1097.8,474.9,902.3,949.8,439.9,835.8,879.8,369.9,702.8,739.8,,,
Fast Cover,Comprehensive,46,Days,54,Days,75,79,582.9,1107.5,1165.8,503.9,957.4,1007.8,465.9,885.2,931.8,391.9,744.6,783.8,,,
Fast Cover,Comprehensive,55,Days,62,Days,75,79,642.9,1221.5,1285.8,556.9,1058.1,1113.8,514.9,978.3,1029.8,432.9,822.5,865.8,,,
Fast Cover,Comprehensive,63,Days,92,Days,75,79,854.9,1624.3,1709.8,738.9,1403.9,1477.8,683.9,1299.4,1367.8,574.9,1092.3,1149.8,,,
Fast Cover,Comprehensive,93,Days,123,Days,75,79,983.9,1869.4,1967.8,851.9,1618.6,1703.8,786.9,1495.1,1573.8,661.9,1257.6,1323.8,,,
Fast Cover,Comprehensive,124,Days,153,Days,75,79,1128.9,2144.9,2257.8,976.9,1856.1,1953.8,903.9,1717.4,1807.8,759.9,1443.8,1519.8,,,
Fast Cover,Comprehensive,154,Days,184,Days,75,79,1304.9,2479.3,2609.8,1128.9,2144.9,2257.8,1043.9,1983.4,2087.8,877.9,1668,1755.8,,,
Fast Cover,Comprehensive,185,Days,215,Days,75,79,1429.9,2716.8,2859.8,1236.9,2350.1,2473.8,1143.9,2173.4,2287.8,961.9,1827.6,1923.8,,,
Fast Cover,Comprehensive,216,Days,245,Days,75,79,1573.9,2990.4,3147.8,1361.9,2587.6,2723.8,1259.9,2393.8,2519.8,1059.9,2013.8,2119.8,,,
Fast Cover,Comprehensive,246,Days,276,Days,75,79,1705.9,3241.2,3411.8,1475.9,2804.2,2951.8,1364.9,2593.3,2729.8,1147.9,2181,2295.8,,,
Fast Cover,Comprehensive,277,Days,306,Days,75,79,1800.9,3421.7,3601.8,1558.9,2961.9,3117.8,1440.9,2737.7,2881.8,1211.9,2302.6,2423.8,,,
Fast Cover,Comprehensive,307,Days,337,Days,75,79,1896.9,3604.1,3793.8,1640.9,3117.7,3281.8,1517.9,2884,3035.8,1276.9,2426.1,2553.8,,,
Fast Cover,Comprehensive,338,Days,366,Days,75,79,2046.9,3889.1,4093.8,1770.9,3364.7,3541.8,1636.9,3110.1,3273.8,1377.9,2618,2755.8,,,
Fast Cover,Comprehensive,1,Days,5,Days,80,99,239.9,455.8,479.8,215.9,410.2,431.8,191.9,364.6,383.8,167.9,319,335.8,,,
Fast Cover,Comprehensive,6,Days,8,Days,80,99,254.9,484.3,509.8,229.9,436.8,459.8,203.9,387.4,407.8,178.9,339.9,357.8,,,
Fast Cover,Comprehensive,9,Days,12,Days,80,99,311.9,592.6,623.8,280.9,533.7,561.8,249.9,474.8,499.8,218.9,415.9,437.8,,,
Fast Cover,Comprehensive,13,Days,15,Days,80,99,330.9,628.7,661.8,297.9,566,595.8,264.9,503.3,529.8,231.9,440.6,463.8,,,
Fast Cover,Comprehensive,16,Days,18,Days,80,99,364.9,693.3,729.8,327.9,623,655.8,291.9,554.6,583.8,254.9,484.3,509.8,,,
Fast Cover,Comprehensive,19,Days,21,Days,80,99,463.9,881.4,927.8,416.9,792.1,833.8,370.9,704.7,741.8,323.9,615.4,647.8,,,
Fast Cover,Comprehensive,22,Days,24,Days,80,99,489.9,930.8,979.8,440.9,837.7,881.8,391.9,744.6,783.8,342.9,651.5,685.8,,,
Fast Cover,Comprehensive,25,Days,28,Days,80,99,582.9,1107.5,1165.8,524.9,997.3,1049.8,466.9,887.1,933.8,407.9,775,815.8,,,
Fast Cover,Comprehensive,29,Days,32,Days,80,99,645.9,1227.2,1291.8,581.9,1105.6,1163.8,516.9,982.1,1033.8,451.9,858.6,903.8,,,
Fast Cover,Comprehensive,33,Days,35,Days,80,99,699.9,1329.8,1399.8,629.9,1196.8,1259.8,559.9,1063.8,1119.8,489.9,930.8,979.8,,,
Fast Cover,Comprehensive,36,Days,40,Days,80,99,730.9,1388.7,1461.8,657.9,1250,1315.8,584.9,1111.3,1169.8,511.9,972.6,1023.8,,,
Fast Cover,Comprehensive,41,Days,45,Days,80,99,837.9,1592,1675.8,753.9,1432.4,1507.8,670.9,1274.7,1341.8,586.9,1115.1,1173.8,,,
Fast Cover,Comprehensive,46,Days,54,Days,80,99,889.9,1690.8,1779.8,799.9,1519.8,1599.8,711.9,1352.6,1423.8,622.9,1183.5,1245.8,,,
Fast Cover,Comprehensive,55,Days,62,Days,80,99,981.9,1865.6,1963.8,882.9,1677.5,1765.8,784.9,1491.3,1569.8,686.9,1305.1,1373.8,,,
Fast Cover,Comprehensive,63,Days,92,Days,80,99,1303.9,2477.4,2607.8,1173.9,2230.4,2347.8,1042.9,1981.5,2085.8,912.9,1734.5,1825.8,,,
Fast Cover,Comprehensive,93,Days,123,Days,80,99,1501.9,2853.6,3003.8,1351.9,2568.6,2703.8,1201.9,2283.6,2403.8,1050.9,1996.7,2101.8,,,
Fast Cover,Comprehensive,124,Days,153,Days,80,99,1722.9,3273.5,3445.8,1550.9,2946.7,3101.8,1378.9,2619.9,2757.8,1205.9,2291.2,2411.8,,,
Fast Cover,Comprehensive,154,Days,184,Days,80,99,1991.9,3784.6,3983.8,1792.9,3406.5,3585.8,1592.9,3026.5,3185.8,1393.9,2648.4,2787.8,,,
Fast Cover,Comprehensive,185,Days,215,Days,80,99,2180.9,4143.7,4361.8,1963.9,3731.4,3927.8,1744.9,3315.3,3489.8,1526.9,2901.1,3053.8,,,
Fast Cover,Comprehensive,216,Days,245,Days,80,99,2402.9,4565.5,4805.8,2162.9,4109.5,4325.8,1921.9,3651.6,3843.8,1681.9,3195.6,3363.8,,,
Fast Cover,Comprehensive,246,Days,276,Days,80,99,2602.9,4945.5,5205.8,2342.9,4451.5,4685.8,2082.9,3957.5,4165.8,1821.9,3461.6,3643.8,,,
Fast Cover,Comprehensive,277,Days,306,Days,80,99,2748.9,5222.9,5497.8,2473.9,4700.4,4947.8,2198.9,4177.9,4397.8,1924.9,3657.3,3849.8,,,
Fast Cover,Comprehensive,307,Days,337,Days,80,99,2894.9,5500.3,5789.8,2605.9,4951.2,5211.8,2315.9,4400.2,4631.8,2026.9,3851.1,4053.8,,,
Fast Cover,Comprehensive,338,Days,366,Days,80,99,3123.9,5935.4,6247.8,2811.9,5342.6,5623.8,2498.9,4747.9,4997.8,2186.9,4155.1,4373.8,,,
Fast Cover,Comprehensive Snow,1,Days,5,Days,16,59,80.7,153.3,161.4,72.6,137.9,145.2,64.5,122.6,129,55.6,105.6,111.2,,,
Fast Cover,Comprehensive Snow,6,Days,8,Days,16,59,85.8,163,171.6,77.1,146.5,154.2,68.6,130.3,137.2,59.1,112.3,118.2,,,
Fast Cover,Comprehensive Snow,9,Days,12,Days,16,59,104.6,198.7,209.2,94.1,178.8,188.2,83.7,159,167.4,72.1,137,144.2,,,
Fast Cover,Comprehensive Snow,13,Days,15,Days,16,59,111.1,211.1,222.2,100.1,190.2,200.2,88.9,168.9,177.8,76.5,145.4,153,,,
Fast Cover,Comprehensive Snow,16,Days,18,Days,16,59,122.1,232,244.2,109.8,208.6,219.6,97.6,185.4,195.2,84.1,159.8,168.2,,,
Fast Cover,Comprehensive Snow,19,Days,21,Days,16,59,155.5,295.5,311,139.9,265.8,279.8,124.4,236.4,248.8,107.1,203.5,214.2,,,
Fast Cover,Comprehensive Snow,22,Days,24,Days,16,59,179.3,340.7,358.6,161.4,306.7,322.8,143.5,272.7,287,123.5,234.7,247,,,
Fast Cover,Comprehensive Snow,25,Days,28,Days,16,59,195.4,371.3,390.8,173.1,328.9,346.2,156.3,297,312.6,134.6,255.7,269.2,,,
Fast Cover,Comprehensive Snow,29,Days,32,Days,16,59,220.3,418.6,440.6,195.1,370.7,390.2,176.3,335,352.6,151.8,288.4,303.6,,,
Fast Cover,Comprehensive Snow,33,Days,35,Days,16,59,234.7,445.9,469.4,207.8,394.8,415.6,187.7,356.6,375.4,161.7,307.2,323.4,,,
Fast Cover,Comprehensive Snow,36,Days,40,Days,16,59,266.1,505.6,532.2,235.6,447.6,471.2,212.8,404.3,425.6,183.3,348.3,366.6,,,
Fast Cover,Comprehensive Snow,41,Days,45,Days,16,59,281.1,534.1,562.2,249,473.1,498,224.9,427.3,449.8,193.6,367.8,387.2,,,
Fast Cover,Comprehensive Snow,46,Days,54,Days,16,59,291.8,554.4,583.6,258.4,491,516.8,233.4,443.5,466.8,201,381.9,402,,,
Fast Cover,Comprehensive Snow,55,Days,62,Days,16,59,329.1,625.3,658.2,291.5,553.9,583,263.2,500.1,526.4,226.7,430.7,453.4,,,
Fast Cover,Comprehensive Snow,63,Days,92,Days,16,59,437.3,830.9,874.6,377.7,717.6,755.4,349.8,664.6,699.6,301.2,572.3,602.4,,,
Fast Cover,Comprehensive Snow,93,Days,123,Days,16,59,503.4,956.5,1006.8,434.7,825.9,869.4,402.8,765.3,805.6,338.1,642.4,676.2,,,
Fast Cover,Comprehensive Snow,124,Days,153,Days,16,59,577.6,1097.4,1155.2,498.7,947.5,997.4,462,877.8,924,387.9,737,775.8,,,
Fast Cover,Comprehensive Snow,154,Days,184,Days,16,59,666.8,1266.9,1333.6,575.8,1094,1151.6,533.5,1013.7,1067,447.9,851,895.8,,,
Fast Cover,Comprehensive Snow,185,Days,215,Days,16,59,730.8,1388.5,1461.6,631,1198.9,1262,584.6,1110.7,1169.2,490.8,932.5,981.6,,,
Fast Cover,Comprehensive Snow,216,Days,245,Days,16,59,804.9,1529.3,1609.8,695.1,1320.7,1390.2,643.9,1223.4,1287.8,540.6,1027.1,1081.2,,,
Fast Cover,Comprehensive Snow,246,Days,276,Days,16,59,871.7,1656.2,1743.4,752.8,1430.3,1505.6,697.3,1324.9,1394.6,585.5,1112.5,1171,,,
Fast Cover,Comprehensive Snow,277,Days,306,Days,16,59,921.1,1750.1,1842.2,795.5,1511.5,1591,736.9,1400.1,1473.8,618.6,1175.3,1237.2,,,
Fast Cover,Comprehensive Snow,307,Days,337,Days,16,59,969.7,1842.4,1939.4,837.4,1591.1,1674.8,775.8,1474,1551.6,651.3,1237.5,1302.6,,,
Fast Cover,Comprehensive Snow,338,Days,366,Days,16,59,1046,1987.4,2092,903.3,1716.3,1806.6,836.9,1590.1,1673.8,702.5,1334.8,1405,,,
Fast Cover,Domestic,1,Days,5,Days,16,59,,,,,,,,,,,,,36.3,69,72.6
Fast Cover,Domestic,6,Days,8,Days,16,59,,,,,,,,,,,,,40.6,77.1,81.2
Fast Cover,Domestic,9,Days,12,Days,16,59,,,,,,,,,,,,,49.4,93.9,98.8
Fast Cover,Domestic,13,Days,15,Days,16,59,,,,,,,,,,,,,53.7,102,107.4
Fast Cover,Domestic,16,Days,18,Days,16,59,,,,,,,,,,,,,58.1,110.4,116.2
Fast Cover,Domestic,19,Days,21,Days,16,59,,,,,,,,,,,,,63.9,121.4,127.8
Fast Cover,Domestic,22,Days,24,Days,16,59,,,,,,,,,,,,,66.6,126.5,133.2
Fast Cover,Domestic,25,Days,28,Days,16,59,,,,,,,,,,,,,76.2,144.8,152.4
Fast Cover,Domestic,29,Days,32,Days,16,59,,,,,,,,,,,,,81.7,155.2,163.4
Fast Cover,Domestic,33,Days,35,Days,16,59,,,,,,,,,,,,,86.4,164.2,172.8
Fast Cover,Domestic,36,Days,40,Days,16,59,,,,,,,,,,,,,89.8,170.6,179.6
Fast Cover,Domestic,41,Days,45,Days,16,59,,,,,,,,,,,,,101.6,193,203.2
Fast Cover,Domestic,46,Days,54,Days,16,59,,,,,,,,,,,,,106.8,202.9,213.6
Fast Cover,Domestic,55,Days,62,Days,16,59,,,,,,,,,,,,,116.1,220.6,232.2
Fast Cover,Domestic,63,Days,92,Days,16,59,,,,,,,,,,,,,152.4,289.6,304.8
Fast Cover,Domestic,1,Days,5,Days,60,69,,,,,,,,,,,,,43.5,82.7,87
Fast Cover,Domestic,6,Days,8,Days,60,69,,,,,,,,,,,,,48.8,92.7,97.6
Fast Cover,Domestic,9,Days,12,Days,60,69,,,,,,,,,,,,,59.2,112.5,118.4
Fast Cover,Domestic,13,Days,15,Days,60,69,,,,,,,,,,,,,64.4,122.4,128.8
Fast Cover,Domestic,16,Days,18,Days,60,69,,,,,,,,,,,,,69.7,132.4,139.4
Fast Cover,Domestic,19,Days,21,Days,60,69,,,,,,,,,,,,,76.6,145.5,153.2
Fast Cover,Domestic,22,Days,24,Days,60,69,,,,,,,,,,,,,79.9,151.8,159.8
Fast Cover,Domestic,25,Days,28,Days,60,69,,,,,,,,,,,,,91.4,173.7,182.8
Fast Cover,Domestic,29,Days,32,Days,60,69,,,,,,,,,,,,,98,186.2,196
Fast Cover,Domestic,33,Days,35,Days,60,69,,,,,,,,,,,,,103.6,196.8,207.2
Fast Cover,Domestic,36,Days,40,Days,60,69,,,,,,,,,,,,,107.7,204.6,215.4
Fast Cover,Domestic,41,Days,45,Days,60,69,,,,,,,,,,,,,121.9,231.6,243.8
Fast Cover,Domestic,46,Days,54,Days,60,69,,,,,,,,,,,,,128.1,243.4,256.2
Fast Cover,Domestic,55,Days,62,Days,60,69,,,,,,,,,,,,,139.3,264.7,278.6
Fast Cover,Domestic,63,Days,92,Days,60,69,,,,,,,,,,,,,182.9,347.5,365.8
Fast Cover,Domestic,1,Days,5,Days,70,74,,,,,,,,,,,,,61.9,117.6,123.8
Fast Cover,Domestic,6,Days,8,Days,70,74,,,,,,,,,,,,,68.9,130.9,137.8
Fast Cover,Domestic,9,Days,12,Days,70,74,,,,,,,,,,,,,83.9,159.4,167.8
Fast Cover,Domestic,13,Days,15,Days,70,74,,,,,,,,,,,,,91.9,174.6,183.8
Fast Cover,Domestic,16,Days,18,Days,70,74,,,,,,,,,,,,,98.9,187.9,197.8
Fast Cover,Domestic,19,Days,21,Days,70,74,,,,,,,,,,,,,108.9,206.9,217.8
Fast Cover,Domestic,22,Days,24,Days,70,74,,,,,,,,,,,,,113.9,216.4,227.8
Fast Cover,Domestic,25,Days,28,Days,70,74,,,,,,,,,,,,,129.9,246.8,259.8
Fast Cover,Domestic,29,Days,32,Days,70,74,,,,,,,,,,,,,138.9,263.9,277.8
Fast Cover,Domestic,33,Days,35,Days,70,74,,,,,,,,,,,,,146.9,279.1,293.8
Fast Cover,Domestic,36,Days,40,Days,70,74,,,,,,,,,,,,,152.9,290.5,305.8
Fast Cover,Domestic,41,Days,45,Days,70,74,,,,,,,,,,,,,172.9,328.5,345.8
Fast Cover,Domestic,46,Days,54,Days,70,74,,,,,,,,,,,,,181.9,345.6,363.8
Fast Cover,Domestic,55,Days,62,Days,70,74,,,,,,,,,,,,,197.9,376,395.8
Fast Cover,Domestic,63,Days,92,Days,70,74,,,,,,,,,,,,,259.9,493.8,519.8
Fast Cover,Domestic,1,Days,5,Days,75,79,,,,,,,,,,,,,85.9,163.2,171.8
Fast Cover,Domestic,6,Days,8,Days,75,79,,,,,,,,,,,,,95.9,182.2,191.8
Fast Cover,Domestic,9,Days,12,Days,75,79,,,,,,,,,,,,,115.9,220.2,231.8
Fast Cover,Domestic,13,Days,15,Days,75,79,,,,,,,,,,,,,126.9,241.1,253.8
Fast Cover,Domestic,16,Days,18,Days,75,79,,,,,,,,,,,,,136.9,260.1,273.8
Fast Cover,Domestic,19,Days,21,Days,75,79,,,,,,,,,,,,,149.9,284.8,299.8
Fast Cover,Domestic,22,Days,24,Days,75,79,,,,,,,,,,,,,156.9,298.1,313.8
Fast Cover,Domestic,25,Days,28,Days,75,79,,,,,,,,,,,,,179.9,341.8,359.8
Fast Cover,Domestic,29,Days,32,Days,75,79,,,,,,,,,,,,,191.9,364.6,383.8
Fast Cover,Domestic,33,Days,35,Days,75,79,,,,,,,,,,,,,202.9,385.5,405.8
Fast Cover,Domestic,36,Days,40,Days,75,79,,,,,,,,,,,,,210.9,400.7,421.8
Fast Cover,Domestic,41,Days,45,Days,75,79,,,,,,,,,,,,,238.9,453.9,477.8
Fast Cover,Domestic,46,Days,54,Days,75,79,,,,,,,,,,,,,251.9,478.6,503.8
Fast Cover,Domestic,55,Days,62,Days,75,79,,,,,,,,,,,,,272.9,518.5,545.8
Fast Cover,Domestic,63,Days,92,Days,75,79,,,,,,,,,,,,,358.9,681.9,717.8
Fast Cover,Domestic,1,Days,5,Days,80,99,,,,,,,,,,,,,129.9,246.8,259.8
Fast Cover,Domestic,6,Days,8,Days,80,99,,,,,,,,,,,,,145.9,277.2,291.8
Fast Cover,Domestic,9,Days,12,Days,80,99,,,,,,,,,,,,,176.9,336.1,353.8
Fast Cover,Domestic,13,Days,15,Days,80,99,,,,,,,,,,,,,192.9,366.5,385.8
Fast Cover,Domestic,16,Days,18,Days,80,99,,,,,,,,,,,,,207.9,395,415.8
Fast Cover,Domestic,19,Days,21,Days,80,99,,,,,,,,,,,,,228.9,434.9,457.8
Fast Cover,Domestic,22,Days,24,Days,80,99,,,,,,,,,,,,,238.9,453.9,477.8
Fast Cover,Domestic,25,Days,28,Days,80,99,,,,,,,,,,,,,272.9,518.5,545.8
Fast Cover,Domestic,29,Days,32,Days,80,99,,,,,,,,,,,,,292.9,556.5,585.8
Fast Cover,Domestic,33,Days,35,Days,80,99,,,,,,,,,,,,,309.9,588.8,619.8
Fast Cover,Domestic,36,Days,40,Days,80,99,,,,,,,,,,,,,321.9,611.6,643.8
Fast Cover,Domestic,41,Days,45,Days,80,99,,,,,,,,,,,,,364.9,693.3,729.8
Fast Cover,Domestic,46,Days,54,Days,80,99,,,,,,,,,,,,,382.9,727.5,765.8
Fast Cover,Domestic,55,Days,62,Days,80,99,,,,,,,,,,,,,416.9,792.1,833.8
Fast Cover,Domestic,63,Days,92,Days,80,99,,,,,,,,,,,,,546.9,1039.1,1093.8
Fast Cover,Standard,1,Days,5,Days,16,59,52.8,100.3,105.6,47.5,90.3,95,42.3,80.4,84.6,36.3,69,72.6,,,
Fast Cover,Standard,6,Days,8,Days,16,59,56.3,107,112.6,48,91.2,96,45,85.5,90,38.7,73.5,77.4,,,
Fast Cover,Standard,9,Days,12,Days,16,59,68.9,130.9,137.8,55.7,105.8,111.4,54,102.6,108,44.5,84.6,89,,,
Fast Cover,Standard,13,Days,15,Days,16,59,72.9,138.5,145.8,61.5,116.9,123,55,104.5,110,46,87.4,92,,,
Fast Cover,Standard,16,Days,18,Days,16,59,80.3,152.6,160.6,72.3,137.4,144.6,64.3,122.2,128.6,55.3,105.1,110.6,,,
Fast Cover,Standard,19,Days,21,Days,16,59,102.2,194.2,204.4,87,165.3,174,75,142.5,150,70.3,133.6,140.6,,,
Fast Cover,Standard,22,Days,24,Days,16,59,108,205.2,216,97.1,184.5,194.2,86.4,164.2,172.8,74.3,141.2,148.6,,,
Fast Cover,Standard,25,Days,28,Days,16,59,125,237.5,250,105.5,200.5,211,95,180.5,190,81,153.9,162,,,
Fast Cover,Standard,29,Days,32,Days,16,59,142.4,270.6,284.8,126,239.4,252,113.9,216.4,227.8,98,186.2,196,,,
Fast Cover,Standard,33,Days,35,Days,16,59,143,271.7,286,123.5,234.7,247,118,224.2,236,106.2,201.8,212.4,,,
Fast Cover,Standard,36,Days,40,Days,16,59,161.2,306.3,322.4,142.6,270.9,285.2,129,245.1,258,110.9,210.7,221.8,,,
Fast Cover,Standard,41,Days,45,Days,16,59,166,315.4,332,148.7,282.5,297.4,141,267.9,282,127.2,241.7,254.4,,,
Fast Cover,Standard,46,Days,54,Days,16,59,196.1,372.6,392.2,173.4,329.5,346.8,156.8,297.9,313.6,134.9,256.3,269.8,,,
Fast Cover,Standard,55,Days,62,Days,16,59,195,370.5,390,175,332.5,350,172,326.8,344,148.8,282.7,297.6,,,
Fast Cover,Standard,63,Days,92,Days,16,59,287.4,546.1,574.8,234,444.6,468,222,421.8,444,197.9,376,395.8,,,
Fast Cover,Standard,93,Days,123,Days,16,59,331.1,629.1,662.2,272,516.8,544,264.9,503.3,529.8,227.8,432.8,455.6,,,
Fast Cover,Standard,124,Days,153,Days,16,59,379.8,721.6,759.6,336.1,638.6,672.2,303.9,577.4,607.8,261.4,496.7,522.8,,,
Fast Cover,Standard,154,Days,184,Days,16,59,438.9,833.9,877.8,388.4,738,776.8,351.2,667.3,702.4,302.1,574,604.2,,,
Fast Cover,Standard,185,Days,215,Days,16,59,480.8,913.5,961.6,425.5,808.5,851,384.7,730.9,769.4,330.9,628.7,661.8,,,
Fast Cover,Standard,216,Days,245,Days,16,59,529.6,1006.2,1059.2,468.6,890.3,937.2,423.7,805,847.4,364.5,692.6,729,,,
Fast Cover,Standard,246,Days,276,Days,16,59,573.8,1090.2,1147.6,507.8,964.8,1015.6,459.1,872.3,918.2,394.9,750.3,789.8,,,
Fast Cover,Standard,277,Days,306,Days,16,59,606,1151.4,1212,536.1,1018.6,1072.2,484.8,921.1,969.6,417,792.3,834,,,
Fast Cover,Standard,307,Days,337,Days,16,59,638.1,1212.4,1276.2,564.5,1072.6,1129,510.5,970,1021,439.1,834.3,878.2,,,
Fast Cover,Standard,338,Days,366,Days,16,59,675,1282.5,1350,580,1102,1160,525,997.5,1050,473.8,900.2,947.6,,,
Fast Cover,Standard,1,Days,5,Days,60,69,63.4,120.5,126.8,57,108.3,114,50.7,96.3,101.4,43.6,82.8,87.2,,,
Fast Cover,Standard,6,Days,8,Days,60,69,67.5,128.3,135,60.7,115.3,121.4,54,102.6,108,44.5,84.6,89,,,
Fast Cover,Standard,9,Days,12,Days,60,69,82.6,156.9,165.2,74.4,141.4,148.8,66.2,125.8,132.4,56.9,108.1,113.8,,,
Fast Cover,Standard,13,Days,15,Days,60,69,87.5,166.3,175,78.7,149.5,157.4,70,133,140,59.3,112.7,118.6,,,
Fast Cover,Standard,16,Days,18,Days,60,69,96.4,183.2,192.8,86.7,164.7,173.4,77.1,146.5,154.2,64,121.6,128,,,
Fast Cover,Standard,19,Days,21,Days,60,69,122.6,232.9,245.2,110.3,209.6,220.6,98.1,186.4,196.2,84.4,160.4,168.8,,,
Fast Cover,Standard,22,Days,24,Days,60,69,129.5,246.1,259,116.5,221.4,233,103.6,196.8,207.2,89.1,169.3,178.2,,,
Fast Cover,Standard,25,Days,28,Days,60,69,142,269.8,284,129,245.1,258,114,216.6,228,106.1,201.6,212.2,,,
Fast Cover,Standard,29,Days,32,Days,60,69,170.9,324.7,341.8,151.2,287.3,302.4,131,248.9,262,117.6,223.4,235.2,,,
Fast Cover,Standard,33,Days,35,Days,60,69,173,328.7,346,150,285,300,136,258.4,272,127.4,242.1,254.8,,,
Fast Cover,Standard,36,Days,40,Days,60,69,193.4,367.5,386.8,171.1,325.1,342.2,154.8,294.1,309.6,133.1,252.9,266.2,,,
Fast Cover,Standard,41,Days,45,Days,60,69,219,416.1,438,188,357.2,376,177.4,337.1,354.8,152.6,289.9,305.2,,,
Fast Cover,Standard,46,Days,54,Days,60,69,235.3,447.1,470.6,208.2,395.6,416.4,188.2,357.6,376.4,161.9,307.6,323.8,,,
Fast Cover,Standard,55,Days,62,Days,60,69,251,476.9,502,210,399,420,207.7,394.6,415.4,178.6,339.3,357.2,,,
Fast Cover,Standard,63,Days,92,Days,60,69,319,606.1,638,275,522.5,550,276,524.4,552,237.4,451.1,474.8,,,
Fast Cover,Standard,93,Days,123,Days,60,69,397.3,754.9,794.6,351.5,667.9,703,317.8,603.8,635.6,273.4,519.5,546.8,,,
Fast Cover,Standard,124,Days,153,Days,60,69,455.9,866.2,911.8,403.4,766.5,806.8,364.6,692.7,729.2,313.7,596,627.4,,,
Fast Cover,Standard,154,Days,184,Days,60,69,526.7,1000.7,1053.4,466.1,885.6,932.2,421.4,800.7,842.8,362.5,688.8,725,,,
Fast Cover,Standard,185,Days,215,Days,60,69,577,1096.3,1154,510.5,970,1021,461.7,877.2,923.4,397.1,754.5,794.2,,,
Fast Cover,Standard,216,Days,245,Days,60,69,635.5,1207.5,1271,562.4,1068.6,1124.8,508.5,966.2,1017,437.3,830.9,874.6,,,
Fast Cover,Standard,246,Days,276,Days,60,69,688.6,1308.3,1377.2,609.2,1157.5,1218.4,550.8,1046.5,1101.6,473.8,900.2,947.6,,,
Fast Cover,Standard,277,Days,306,Days,60,69,727.1,1381.5,1454.2,643.3,1222.3,1286.6,581.7,1105.2,1163.4,500.4,950.8,1000.8,,,
Fast Cover,Standard,307,Days,337,Days,60,69,765.7,1454.8,1531.4,677.4,1287.1,1354.8,612.6,1163.9,1225.2,527,1001.3,1054,,,
Fast Cover,Standard,338,Days,366,Days,60,69,755,1434.5,1510,731.2,1389.3,1462.4,661.1,1256.1,1322.2,568.7,1080.5,1137.4,,,
Fast Cover,Standard,1,Days,5,Days,70,74,85.9,163.2,171.8,77.9,148,155.8,68.9,130.9,137.8,60.9,115.7,121.8,,,
Fast Cover,Standard,6,Days,8,Days,70,74,91.9,174.6,183.8,82.9,157.5,165.8,73.9,140.4,147.8,63.9,121.4,127.8,,,
Fast Cover,Standard,9,Days,12,Days,70,74,112.9,214.5,225.8,100.9,191.7,201.8,89.9,170.8,179.8,78.9,149.9,157.8,,,
Fast Cover,Standard,13,Days,15,Days,70,74,118.9,225.9,237.8,106.9,203.1,213.8,94.9,180.3,189.8,83.9,159.4,167.8,,,
Fast Cover,Standard,16,Days,18,Days,70,74,130.9,248.7,261.8,117.9,224,235.8,104.9,199.3,209.8,91.9,174.6,183.8,,,
Fast Cover,Standard,19,Days,21,Days,70,74,166.9,317.1,333.8,149.9,284.8,299.8,133.9,254.4,267.8,116.9,222.1,233.8,,,
Fast Cover,Standard,22,Days,24,Days,70,74,176.9,336.1,353.8,158.9,301.9,317.8,140.9,267.7,281.8,123.9,235.4,247.8,,,
Fast Cover,Standard,25,Days,28,Days,70,74,209.9,398.8,419.8,188.9,358.9,377.8,167.9,319,335.8,146.9,279.1,293.8,,,
Fast Cover,Standard,29,Days,32,Days,70,74,232.9,442.5,465.8,209.9,398.8,419.8,185.9,353.2,371.8,162.9,309.5,325.8,,,
Fast Cover,Standard,33,Days,35,Days,70,74,251.9,478.6,503.8,226.9,431.1,453.8,201.9,383.6,403.8,176.9,336.1,353.8,,,
Fast Cover,Standard,36,Days,40,Days,70,74,262.9,499.5,525.8,236.9,450.1,473.8,210.9,400.7,421.8,183.9,349.4,367.8,,,
Fast Cover,Standard,41,Days,45,Days,70,74,301.9,573.6,603.8,271.9,516.6,543.8,241.9,459.6,483.8,210.9,400.7,421.8,,,
Fast Cover,Standard,46,Days,54,Days,70,74,319.9,607.8,639.8,287.9,547,575.8,255.9,486.2,511.8,223.9,425.4,447.8,,,
Fast Cover,Standard,55,Days,62,Days,70,74,353.9,672.4,707.8,317.9,604,635.8,282.9,537.5,565.8,247.9,471,495.8,,,
Fast Cover,Standard,63,Days,92,Days,70,74,469.9,892.8,939.8,422.9,803.5,845.8,375.9,714.2,751.8,328.9,624.9,657.8,,,
Fast Cover,Standard,93,Days,123,Days,70,74,540.9,1027.7,1081.8,486.9,925.1,973.8,432.9,822.5,865.8,378.9,719.9,757.8,,,
Fast Cover,Standard,124,Days,153,Days,70,74,620.9,1179.7,1241.8,558.9,1061.9,1117.8,496.9,944.1,993.8,434.9,826.3,869.8,,,
Fast Cover,Standard,154,Days,184,Days,70,74,716.9,1362.1,1433.8,645.9,1227.2,1291.8,573.9,1090.4,1147.8,501.9,953.6,1003.8,,,
Fast Cover,Standard,185,Days,215,Days,70,74,785.9,1493.2,1571.8,706.9,1343.1,1413.8,628.9,1194.9,1257.8,549.9,1044.8,1099.8,,,
Fast Cover,Standard,216,Days,245,Days,70,74,865.9,1645.2,1731.8,778.9,1479.9,1557.8,691.9,1314.6,1383.8,605.9,1151.2,1211.8,,,
Fast Cover,Standard,246,Days,276,Days,70,74,937.9,1782,1875.8,843.9,1603.4,1687.8,749.9,1424.8,1499.8,655.9,1246.2,1311.8,,,
Fast Cover,Standard,277,Days,306,Days,70,74,989.9,1880.8,1979.8,890.9,1692.7,1781.8,791.9,1504.6,1583.8,692.9,1316.5,1385.8,,,
Fast Cover,Standard,307,Days,337,Days,70,74,1042.9,1981.5,2085.8,937.9,1782,1875.8,833.9,1584.4,1667.8,729.9,1386.8,1459.8,,,
Fast Cover,Standard,338,Days,366,Days,70,74,1124.9,2137.3,2249.8,1012.9,1924.5,2025.8,899.9,1709.8,1799.8,787.9,1497,1575.8,,,
Fast Cover,Standard,1,Days,5,Days,75,79,121.9,231.6,243.8,109.9,208.8,219.8,97.9,186,195.8,85.9,163.2,171.8,,,
Fast Cover,Standard,6,Days,8,Days,75,79,129.9,246.8,259.8,116.9,222.1,233.8,103.9,197.4,207.8,90.9,172.7,181.8,,,
Fast Cover,Standard,9,Days,12,Days,75,79,158.9,301.9,317.8,142.9,271.5,285.8,126.9,241.1,253.8,111.9,212.6,223.8,,,
Fast Cover,Standard,13,Days,15,Days,75,79,168.9,320.9,337.8,151.9,288.6,303.8,134.9,256.3,269.8,117.9,224,235.8,,,
Fast Cover,Standard,16,Days,18,Days,75,79,185.9,353.2,371.8,166.9,317.1,333.8,148.9,282.9,297.8,129.9,246.8,259.8,,,
Fast Cover,Standard,19,Days,21,Days,75,79,235.9,448.2,471.8,212.9,404.5,425.8,188.9,358.9,377.8,164.9,313.3,329.8,,,
Fast Cover,Standard,22,Days,24,Days,75,79,249.9,474.8,499.8,224.9,427.3,449.8,199.9,379.8,399.8,174.9,332.3,349.8,,,
Fast Cover,Standard,25,Days,28,Days,75,79,296.9,564.1,593.8,267.9,509,535.8,237.9,452,475.8,207.9,395,415.8,,,
Fast Cover,Standard,29,Days,32,Days,75,79,328.9,624.9,657.8,295.9,562.2,591.8,262.9,499.5,525.8,230.9,438.7,461.8,,,
Fast Cover,Standard,33,Days,35,Days,75,79,356.9,678.1,713.8,320.9,609.7,641.8,284.9,541.3,569.8,249.9,474.8,499.8,,,
Fast Cover,Standard,36,Days,40,Days,75,79,372.9,708.5,745.8,334.9,636.3,669.8,297.9,566,595.8,260.9,495.7,521.8,,,
Fast Cover,Standard,41,Days,45,Days,75,79,426.9,811.1,853.8,383.9,729.4,767.8,341.9,649.6,683.8,298.9,567.9,597.8,,,
Fast Cover,Standard,46,Days,54,Days,75,79,452.9,860.5,905.8,407.9,775,815.8,362.9,689.5,725.8,316.9,602.1,633.8,,,
Fast Cover,Standard,55,Days,62,Days,75,79,499.9,949.8,999.8,449.9,854.8,899.8,399.9,759.8,799.8,349.9,664.8,699.8,,,
Fast Cover,Standard,63,Days,92,Days,75,79,664.9,1263.3,1329.8,576.9,1096.1,1153.8,531.9,1010.6,1063.8,464.9,883.3,929.8,,,
Fast Cover,Standard,93,Days,123,Days,75,79,764.9,1453.3,1529.8,688.9,1308.9,1377.8,612.9,1164.5,1225.8,535.9,1018.2,1071.8,,,
Fast Cover,Standard,124,Days,153,Days,75,79,877.9,1668,1755.8,789.9,1500.8,1579.8,702.9,1335.5,1405.8,614.9,1168.3,1229.8,,,
Fast Cover,Standard,154,Days,184,Days,75,79,1014.9,1928.3,2029.8,912.9,1734.5,1825.8,811.9,1542.6,1623.8,710.9,1350.7,1421.8,,,
Fast Cover,Standard,185,Days,215,Days,75,79,1111.9,2112.6,2223.8,999.9,1899.8,1999.8,888.9,1688.9,1777.8,777.9,1478,1555.8,,,
Fast Cover,Standard,216,Days,245,Days,75,79,1223.9,2325.4,2447.8,1101.9,2093.6,2203.8,978.9,1859.9,1957.8,856.9,1628.1,1713.8,,,
Fast Cover,Standard,246,Days,276,Days,75,79,1325.9,2519.2,2651.8,1193.9,2268.4,2387.8,1060.9,2015.7,2121.8,928.9,1764.9,1857.8,,,
Fast Cover,Standard,277,Days,306,Days,75,79,1400.9,2661.7,2801.8,1260.9,2395.7,2521.8,1120.9,2129.7,2241.8,980.9,1863.7,1961.8,,,
Fast Cover,Standard,307,Days,337,Days,75,79,1474.9,2802.3,2949.8,1326.9,2521.1,2653.8,1179.9,2241.8,2359.8,1032.9,1962.5,2065.8,,,
Fast Cover,Standard,338,Days,366,Days,75,79,1591.9,3024.6,3183.8,1432.9,2722.5,2865.8,1273.9,2420.4,2547.8,1113.9,2116.4,2227.8,,,
Fast Cover,Standard,1,Days,5,Days,80,99,196.9,374.1,393.8,176.9,336.1,353.8,156.9,298.1,313.8,137.9,262,275.8,,,
Fast Cover,Standard,6,Days,8,Days,80,99,208.9,396.9,417.8,187.9,357,375.8,166.9,317.1,333.8,146.9,279.1,293.8,,,
Fast Cover,Standard,9,Days,12,Days,80,99,255.9,486.2,511.8,230.9,438.7,461.8,204.9,389.3,409.8,178.9,339.9,357.8,,,
Fast Cover,Standard,13,Days,15,Days,80,99,270.9,514.7,541.8,243.9,463.4,487.8,216.9,412.1,433.8,189.9,360.8,379.8,,,
Fast Cover,Standard,16,Days,18,Days,80,99,298.9,567.9,597.8,268.9,510.9,537.8,238.9,453.9,477.8,208.9,396.9,417.8,,,
Fast Cover,Standard,19,Days,21,Days,80,99,371.9,706.6,743.8,341.9,649.6,683.8,303.9,577.4,607.8,265.9,505.2,531.8,,,
Fast Cover,Standard,22,Days,24,Days,80,99,401.9,763.6,803.8,361.9,687.6,723.8,320.9,609.7,641.8,280.9,533.7,561.8,,,
Fast Cover,Standard,25,Days,28,Days,80,99,477.9,908,955.8,423.9,805.4,847.8,382.9,727.5,765.8,334.9,636.3,669.8,,,
Fast Cover,Standard,29,Days,32,Days,80,99,529.9,1006.8,1059.8,476.9,906.1,953.8,423.9,805.4,847.8,370.9,704.7,741.8,,,
Fast Cover,Standard,33,Days,35,Days,80,99,538.9,1023.9,1077.8,477.9,908,955.8,459.9,873.8,919.8,401.9,763.6,803.8,,,
Fast Cover,Standard,36,Days,40,Days,80,99,599.9,1139.8,1199.8,539.9,1025.8,1079.8,479.9,911.8,959.8,419.9,797.8,839.8,,,
Fast Cover,Standard,41,Days,45,Days,80,99,683.9,1299.4,1367.8,608.9,1156.9,1217.8,549.9,1044.8,1099.8,480.9,913.7,961.8,,,
Fast Cover,Standard,46,Days,54,Days,80,99,728.9,1384.9,1457.8,656.9,1248.1,1313.8,583.9,1109.4,1167.8,510.9,970.7,1021.8,,,
Fast Cover,Standard,55,Days,62,Days,80,99,804.9,1529.3,1609.8,723.9,1375.4,1447.8,643.9,1223.4,1287.8,562.9,1069.5,1125.8,,,
Fast Cover,Standard,63,Days,92,Days,80,99,1069.9,2032.8,2139.8,950.9,1806.7,1901.8,855.9,1626.2,1711.8,748.9,1422.9,1497.8,,,
Fast Cover,Standard,93,Days,123,Days,80,99,1231.9,2340.6,2463.8,1108.9,2106.9,2217.8,985.9,1873.2,1971.8,861.9,1637.6,1723.8,,,
Fast Cover,Standard,124,Days,153,Days,80,99,1412.9,2684.5,2825.8,1271.9,2416.6,2543.8,1130.9,2148.7,2261.8,988.9,1878.9,1977.8,,,
Fast Cover,Standard,154,Days,184,Days,80,99,1632.9,3102.5,3265.8,1469.9,2792.8,2939.8,1305.9,2481.2,2611.8,1142.9,2171.5,2285.8,,,
Fast Cover,Standard,185,Days,215,Days,80,99,1788.9,3398.9,3577.8,1609.9,3058.8,3219.8,1430.9,2718.7,2861.8,1251.9,2378.6,2503.8,,,
Fast Cover,Standard,216,Days,245,Days,80,99,1969.9,3742.8,3939.8,1772.9,3368.5,3545.8,1575.9,2994.2,3151.8,1378.9,2619.9,2757.8,,,
Fast Cover,Standard,246,Days,276,Days,80,99,2134.9,4056.3,4269.8,1920.9,3649.7,3841.8,1707.9,3245,3415.8,1493.9,2838.4,2987.8,,,
Fast Cover,Standard,277,Days,306,Days,80,99,2253.9,4282.4,4507.8,2028.9,3854.9,4057.8,1802.9,3425.5,3605.8,1577.9,2998,3155.8,,,
Fast Cover,Standard,307,Days,337,Days,80,99,2373.9,4510.4,4747.8,2135.9,4058.2,4271.8,1898.9,3607.9,3797.8,1661.9,3157.6,3323.8,,,
Fast Cover,Standard,338,Days,366,Days,80,99,2560.9,4865.7,5121.8,2304.9,4379.3,4609.8,2048.9,3892.9,4097.8,1792.9,3406.5,3585.8,,,
Fast Cover,Comprehensive Cruise,1,Days,5,Days,16,59,76.9,146.1,153.8,65,123.5,130,57.7,109.6,115.4,50.5,96,101,50.5,96,101
Fast Cover,Comprehensive Cruise,6,Days,8,Days,16,59,81.9,155.6,163.8,69.2,131.5,138.4,61.5,116.9,123,53.8,102.2,107.6,53.8,102.2,107.6
Fast Cover,Comprehensive Cruise,9,Days,12,Days,16,59,100.2,190.4,200.4,84.7,160.9,169.4,75.3,143.1,150.6,65.9,125.2,131.8,65.9,125.2,131.8
Fast Cover,Comprehensive Cruise,13,Days,15,Days,16,59,106.1,201.6,212.2,89.7,170.4,179.4,79.7,151.4,159.4,69.7,132.4,139.4,69.7,132.4,139.4
Fast Cover,Comprehensive Cruise,16,Days,18,Days,16,59,116.9,222.1,233.8,98.8,187.7,197.6,87.9,167,175.8,76.9,146.1,153.8,76.9,146.1,153.8
Fast Cover,Comprehensive Cruise,19,Days,21,Days,16,59,148.7,282.5,297.4,125.7,238.8,251.4,111.8,212.4,223.6,97.7,185.6,195.4,97.7,185.6,195.4
Fast Cover,Comprehensive Cruise,22,Days,24,Days,16,59,157.2,298.7,314.4,132.8,252.3,265.6,118.1,224.4,236.2,103.3,196.3,206.6,103.3,196.3,206.6
Fast Cover,Comprehensive Cruise,25,Days,28,Days,16,59,187.1,355.5,374.2,158.2,300.6,316.4,140.6,267.1,281.2,123,233.7,246,123,233.7,246
Fast Cover,Comprehensive Cruise,29,Days,32,Days,16,59,207.4,394.1,414.8,175.2,332.9,350.4,155.8,296,311.6,136.3,259,272.6,136.3,259,272.6
Fast Cover,Comprehensive Cruise,33,Days,35,Days,16,59,224.7,426.9,449.4,189.9,360.8,379.8,168.8,320.7,337.6,147.8,280.8,295.6,147.8,280.8,295.6
Fast Cover,Comprehensive Cruise,36,Days,40,Days,16,59,234.6,445.7,469.2,198.3,376.8,396.6,176.3,335,352.6,154.3,293.2,308.6,154.3,293.2,308.6
Fast Cover,Comprehensive Cruise,41,Days,45,Days,16,59,269,511.1,538,227.3,431.9,454.6,202.1,384,404.2,176.8,335.9,353.6,176.8,335.9,353.6
Fast Cover,Comprehensive Cruise,46,Days,54,Days,16,59,285.4,542.3,570.8,241.3,458.5,482.6,214.4,407.4,428.8,187.6,356.4,375.2,187.6,356.4,375.2
Fast Cover,Comprehensive Cruise,55,Days,62,Days,16,59,314.9,598.3,629.8,266.2,505.8,532.4,236.6,449.5,473.2,207.1,393.5,414.2,207.1,393.5,414.2
Fast Cover,Comprehensive Cruise,63,Days,92,Days,16,59,418.5,795.2,837,353.7,672,707.4,314.5,597.6,629,275.1,522.7,550.2,275.1,522.7,550.2
Fast Cover,Comprehensive Cruise,93,Days,123,Days,16,59,482,915.8,964,407.4,774.1,814.8,362.1,688,724.2,316.9,602.1,633.8,316.9,602.1,633.8
Fast Cover,Comprehensive Cruise,124,Days,153,Days,16,59,553,1050.7,1106,467.4,888.1,934.8,415.5,789.5,831,363.6,690.8,727.2,363.6,690.8,727.2
Fast Cover,Comprehensive Cruise,154,Days,184,Days,16,59,639.1,1214.3,1278.2,540.1,1026.2,1080.2,480.2,912.4,960.4,420.1,798.2,840.2,420.1,798.2,840.2
Fast Cover,Comprehensive Cruise,185,Days,215,Days,16,59,700,1330,1400,591.8,1124.4,1183.6,525.9,999.2,1051.8,460.2,874.4,920.4,460.2,874.4,920.4
Fast Cover,Comprehensive Cruise,216,Days,245,Days,16,59,771,1464.9,1542,651.7,1238.2,1303.4,579.3,1100.7,1158.6,506.9,963.1,1013.8,506.9,963.1,1013.8
Fast Cover,Comprehensive Cruise,246,Days,276,Days,16,59,835.3,1587.1,1670.6,706,1341.4,1412,627.7,1192.6,1255.4,549.2,1043.5,1098.4,549.2,1043.5,1098.4
Fast Cover,Comprehensive Cruise,277,Days,306,Days,16,59,882.1,1676,1764.2,745.6,1416.6,1491.2,662.8,1259.3,1325.6,579.9,1101.8,1159.8,579.9,1101.8,1159.8
Fast Cover,Comprehensive Cruise,307,Days,337,Days,16,59,928.9,1764.9,1857.8,785.1,1491.7,1570.2,697.9,1326,1395.8,610.7,1160.3,1221.4,610.7,1160.3,1221.4
Fast Cover,Comprehensive Cruise,338,Days,366,Days,16,59,1002.4,1904.6,2004.8,847.3,1609.9,1694.6,753.1,1430.9,1506.2,659.1,1252.3,1318.2,659.1,1252.3,1318.2
Fast Cover,Comprehensive Cruise,1,Days,5,Days,60,69,92.3,175.4,184.6,78,148.2,156,69.2,131.5,138.4,60.6,115.1,121.2,60.6,115.1,121.2
Fast Cover,Comprehensive Cruise,6,Days,8,Days,60,69,98.2,186.6,196.4,83.1,157.9,166.2,73.8,140.2,147.6,64.6,122.7,129.2,64.6,122.7,129.2
Fast Cover,Comprehensive Cruise,9,Days,12,Days,60,69,120.3,228.6,240.6,101.6,193,203.2,90.4,171.8,180.8,79.1,150.3,158.2,79.1,150.3,158.2
Fast Cover,Comprehensive Cruise,13,Days,15,Days,60,69,127.3,241.9,254.6,107.6,204.4,215.2,95.7,181.8,191.4,83.7,159,167.4,83.7,159,167.4
Fast Cover,Comprehensive Cruise,16,Days,18,Days,60,69,140.3,266.6,280.6,118.6,225.3,237.2,105.4,200.3,210.8,92.3,175.4,184.6,92.3,175.4,184.6
Fast Cover,Comprehensive Cruise,19,Days,21,Days,60,69,178.4,339,356.8,150.8,286.5,301.6,134,254.6,268,117.3,222.9,234.6,117.3,222.9,234.6
Fast Cover,Comprehensive Cruise,22,Days,24,Days,60,69,188.6,358.3,377.2,159.4,302.9,318.8,141.6,269,283.2,124,235.6,248,124,235.6,248
Fast Cover,Comprehensive Cruise,25,Days,28,Days,60,69,224.5,426.6,449,189.8,360.6,379.6,168.7,320.5,337.4,147.6,280.4,295.2,147.6,280.4,295.2
Fast Cover,Comprehensive Cruise,29,Days,32,Days,60,69,248.8,472.7,497.6,210.2,399.4,420.4,186.9,355.1,373.8,163.6,310.8,327.2,163.6,310.8,327.2
Fast Cover,Comprehensive Cruise,33,Days,35,Days,60,69,269.6,512.2,539.2,227.9,433,455.8,202.6,384.9,405.2,177.3,336.9,354.6,177.3,336.9,354.6
Fast Cover,Comprehensive Cruise,36,Days,40,Days,60,69,281.6,535,563.2,238,452.2,476,211.5,401.9,423,185.1,351.7,370.2,185.1,351.7,370.2
Fast Cover,Comprehensive Cruise,41,Days,45,Days,60,69,322.8,613.3,645.6,272.8,518.3,545.6,242.5,460.8,485,212.2,403.2,424.4,212.2,403.2,424.4
Fast Cover,Comprehensive Cruise,46,Days,54,Days,60,69,342.5,650.8,685,289.5,550.1,579,257.3,488.9,514.6,225.2,427.9,450.4,225.2,427.9,450.4
Fast Cover,Comprehensive Cruise,55,Days,62,Days,60,69,378,718.2,756,319.4,606.9,638.8,283.9,539.4,567.8,248.5,472.2,497,248.5,472.2,497
Fast Cover,Comprehensive Cruise,63,Days,92,Days,60,69,502.3,954.4,1004.6,424.5,806.6,849,377.3,716.9,754.6,330.2,627.4,660.4,330.2,627.4,660.4
Fast Cover,Comprehensive Cruise,93,Days,123,Days,60,69,578.5,1099.2,1157,488.9,928.9,977.8,434.6,825.7,869.2,380.3,722.6,760.6,380.3,722.6,760.6
Fast Cover,Comprehensive Cruise,124,Days,153,Days,60,69,663.6,1260.8,1327.2,560.9,1065.7,1121.8,498.6,947.3,997.2,436.3,829,872.6,436.3,829,872.6
Fast Cover,Comprehensive Cruise,154,Days,184,Days,60,69,766.9,1457.1,1533.8,648.2,1231.6,1296.4,576.1,1094.6,1152.2,504.1,957.8,1008.2,504.1,957.8,1008.2
Fast Cover,Comprehensive Cruise,185,Days,215,Days,60,69,840,1596,1680,710,1349,1420,631.2,1199.3,1262.4,552.3,1049.4,1104.6,552.3,1049.4,1104.6
Fast Cover,Comprehensive Cruise,216,Days,245,Days,60,69,925.2,1757.9,1850.4,782,1485.8,1564,695.1,1320.7,1390.2,608.2,1155.6,1216.4,608.2,1155.6,1216.4
Fast Cover,Comprehensive Cruise,246,Days,276,Days,60,69,1002.4,1904.6,2004.8,847.3,1609.9,1694.6,753.1,1430.9,1506.2,659.1,1252.3,1318.2,659.1,1252.3,1318.2
Fast Cover,Comprehensive Cruise,277,Days,306,Days,60,69,1058.6,2011.3,2117.2,894.7,1699.9,1789.4,795.3,1511.1,1590.6,695.9,1322.2,1391.8,695.9,1322.2,1391.8
Fast Cover,Comprehensive Cruise,307,Days,337,Days,60,69,1114.7,2117.9,2229.4,942.2,1790.2,1884.4,837.5,1591.3,1675,732.8,1392.3,1465.6,732.8,1392.3,1465.6
Fast Cover,Comprehensive Cruise,338,Days,366,Days,60,69,1202.9,2285.5,2405.8,1016.7,1931.7,2033.4,903.7,1717,1807.4,790.8,1502.5,1581.6,790.8,1502.5,1581.6
Fast Cover,Comprehensive Cruise,1,Days,5,Days,70,74,130.9,248.7,261.8,110.9,210.7,221.8,97.9,186,195.8,82.9,157.5,165.8,82.9,157.5,165.8
Fast Cover,Comprehensive Cruise,6,Days,8,Days,70,74,138.9,263.9,277.8,117.9,224,235.8,104.9,199.3,209.8,87.9,167,175.8,87.9,167,175.8
Fast Cover,Comprehensive Cruise,9,Days,12,Days,70,74,169.9,322.8,339.8,143.9,273.4,287.8,127.9,243,255.8,107.9,205,215.8,107.9,205,215.8
Fast Cover,Comprehensive Cruise,13,Days,15,Days,70,74,179.9,341.8,359.8,151.9,288.6,303.8,135.9,258.2,271.8,113.9,216.4,227.8,113.9,216.4,227.8
Fast Cover,Comprehensive Cruise,16,Days,18,Days,70,74,198.9,377.9,397.8,167.9,319,335.8,149.9,284.8,299.8,125.9,239.2,251.8,125.9,239.2,251.8
Fast Cover,Comprehensive Cruise,19,Days,21,Days,70,74,252.9,480.5,505.8,213.9,406.4,427.8,189.9,360.8,379.8,159.9,303.8,319.8,159.9,303.8,319.8
Fast Cover,Comprehensive Cruise,22,Days,24,Days,70,74,266.9,507.1,533.8,225.9,429.2,451.8,200.9,381.7,401.8,168.9,320.9,337.8,168.9,320.9,337.8
Fast Cover,Comprehensive Cruise,25,Days,28,Days,70,74,317.9,604,635.8,258.9,491.9,517.8,238.9,453.9,477.8,200.9,381.7,401.8,200.9,381.7,401.8
Fast Cover,Comprehensive Cruise,29,Days,32,Days,70,74,351.9,668.6,703.8,285.9,543.2,571.8,264.9,503.3,529.8,222.9,423.5,445.8,222.9,423.5,445.8
Fast Cover,Comprehensive Cruise,33,Days,35,Days,70,74,381.9,725.6,763.8,309.9,588.8,619.8,286.9,545.1,573.8,240.9,457.7,481.8,240.9,457.7,481.8
Fast Cover,Comprehensive Cruise,36,Days,40,Days,70,74,398.9,757.9,797.8,323.9,615.4,647.8,299.9,569.8,599.8,251.9,478.6,503.8,251.9,478.6,503.8
Fast Cover,Comprehensive Cruise,41,Days,45,Days,70,74,456.9,868.1,913.8,371.9,706.6,743.8,343.9,653.4,687.8,288.9,548.9,577.8,288.9,548.9,577.8
Fast Cover,Comprehensive Cruise,46,Days,54,Days,70,74,484.9,921.3,969.8,393.9,748.4,787.8,364.9,693.3,729.8,306.9,583.1,613.8,306.9,583.1,613.8
Fast Cover,Comprehensive Cruise,55,Days,62,Days,70,74,534.9,1016.3,1069.8,434.9,826.3,869.8,401.9,763.6,803.8,337.9,642,675.8,337.9,642,675.8
Fast Cover,Comprehensive Cruise,63,Days,92,Days,70,74,710.9,1350.7,1421.8,577.9,1098,1155.8,534.9,1016.3,1069.8,449.9,854.8,899.8,449.9,854.8,899.8
Fast Cover,Comprehensive Cruise,93,Days,123,Days,70,74,818.9,1555.9,1637.8,665.9,1265.2,1331.8,615.9,1170.2,1231.8,517.9,984,1035.8,517.9,984,1035.8
Fast Cover,Comprehensive Cruise,124,Days,153,Days,70,74,939.9,1785.8,1879.8,763.9,1451.4,1527.8,705.9,1341.2,1411.8,593.9,1128.4,1187.8,593.9,1128.4,1187.8
Fast Cover,Comprehensive Cruise,154,Days,184,Days,70,74,1085.9,2063.2,2171.8,882.9,1677.5,1765.8,815.9,1550.2,1631.8,686.9,1305.1,1373.8,686.9,1305.1,1373.8
Fast Cover,Comprehensive Cruise,185,Days,215,Days,70,74,1189.9,2260.8,2379.8,966.9,1837.1,1933.8,893.9,1698.4,1787.8,751.9,1428.6,1503.8,751.9,1428.6,1503.8
Fast Cover,Comprehensive Cruise,216,Days,245,Days,70,74,1310.9,2490.7,2621.8,1064.9,2023.3,2129.8,984.9,1871.3,1969.8,827.9,1573,1655.8,827.9,1573,1655.8
Fast Cover,Comprehensive Cruise,246,Days,276,Days,70,74,1419.9,2697.8,2839.8,1153.9,2192.4,2307.8,1066.9,2027.1,2133.8,896.9,1704.1,1793.8,896.9,1704.1,1793.8
Fast Cover,Comprehensive Cruise,277,Days,306,Days,70,74,1498.9,2847.9,2997.8,1217.9,2314,2435.8,1126.9,2141.1,2253.8,947.9,1801,1895.8,947.9,1801,1895.8
Fast Cover,Comprehensive Cruise,307,Days,337,Days,70,74,1578.9,2999.9,3157.8,1282.9,2437.5,2565.8,1185.9,2253.2,2371.8,997.9,1896,1995.8,997.9,1896,1995.8
Fast Cover,Comprehensive Cruise,338,Days,366,Days,70,74,1703.9,3237.4,3407.8,1383.9,2629.4,2767.8,1279.9,2431.8,2559.8,1076.9,2046.1,2153.8,1076.9,2046.1,2153.8
Fast Cover,Comprehensive Cruise,1,Days,5,Days,75,79,180.9,343.7,361.8,152.9,290.5,305.8,135.9,258.2,271.8,106.1,201.6,212.2,106.1,201.6,212.2
Fast Cover,Comprehensive Cruise,6,Days,8,Days,75,79,191.9,364.6,383.8,162.9,309.5,325.8,144.9,275.3,289.8,113.1,214.9,226.2,113.1,214.9,226.2
Fast Cover,Comprehensive Cruise,9,Days,12,Days,75,79,234.9,446.3,469.8,198.9,377.9,397.8,176.9,336.1,353.8,138.4,263,276.8,138.4,263,276.8
Fast Cover,Comprehensive Cruise,13,Days,15,Days,75,79,248.9,472.9,497.8,210.9,400.7,421.8,186.9,355.1,373.8,146.5,278.4,293,146.5,278.4,293
Fast Cover,Comprehensive Cruise,16,Days,18,Days,75,79,274.9,522.3,549.8,231.9,440.6,463.8,206.9,393.1,413.8,161.4,306.7,322.8,161.4,306.7,322.8
Fast Cover,Comprehensive Cruise,19,Days,21,Days,75,79,348.9,662.9,697.8,294.9,560.3,589.8,261.9,497.6,523.8,205.3,390.1,410.6,205.3,390.1,410.6
Fast Cover,Comprehensive Cruise,22,Days,24,Days,75,79,368.9,700.9,737.8,311.9,592.6,623.8,276.9,526.1,553.8,216.9,412.1,433.8,216.9,412.1,433.8
Fast Cover,Comprehensive Cruise,25,Days,28,Days,75,79,439.9,835.8,879.8,371.9,706.6,743.8,329.9,626.8,659.8,258.3,490.8,516.6,258.3,490.8,516.6
Fast Cover,Comprehensive Cruise,29,Days,32,Days,75,79,486.9,925.1,973.8,411.9,782.6,823.8,365.9,695.2,731.8,286.2,543.8,572.4,286.2,543.8,572.4
Fast Cover,Comprehensive Cruise,33,Days,35,Days,75,79,527.9,1003,1055.8,445.9,847.2,891.8,396.9,754.1,793.8,310.2,589.4,620.4,310.2,589.4,620.4
Fast Cover,Comprehensive Cruise,36,Days,40,Days,75,79,550.9,1046.7,1101.8,465.9,885.2,931.8,413.9,786.4,827.8,323.9,615.4,647.8,323.9,615.4,647.8
Fast Cover,Comprehensive Cruise,41,Days,45,Days,75,79,631.9,1200.6,1263.8,533.9,1014.4,1067.8,474.9,902.3,949.8,371.4,705.7,742.8,371.4,705.7,742.8
Fast Cover,Comprehensive Cruise,46,Days,54,Days,75,79,669.9,1272.8,1339.8,565.9,1075.2,1131.8,503.9,957.4,1007.8,394,748.6,788,394,748.6,788
Fast Cover,Comprehensive Cruise,55,Days,62,Days,75,79,739.9,1405.8,1479.8,624.9,1187.3,1249.8,555.9,1056.2,1111.8,434.8,826.1,869.6,434.8,826.1,869.6
Fast Cover,Comprehensive Cruise,63,Days,92,Days,75,79,982.9,1867.5,1965.8,830.9,1578.7,1661.8,737.9,1402,1475.8,577.8,1097.8,1155.6,577.8,1097.8,1155.6
Fast Cover,Comprehensive Cruise,93,Days,123,Days,75,79,1131.9,2150.6,2263.8,956.9,1818.1,1913.8,850.9,1616.7,1701.8,665.4,1264.3,1330.8,665.4,1264.3,1330.8
Fast Cover,Comprehensive Cruise,124,Days,153,Days,75,79,1298.9,2467.9,2597.8,1097.9,2086,2195.8,975.9,1854.2,1951.8,763.4,1450.5,1526.8,763.4,1450.5,1526.8
Fast Cover,Comprehensive Cruise,154,Days,184,Days,75,79,1500.9,2851.7,3001.8,1268.9,2410.9,2537.8,1127.9,2143,2255.8,882.2,1676.2,1764.4,882.2,1676.2,1764.4
Fast Cover,Comprehensive Cruise,185,Days,215,Days,75,79,1643.9,3123.4,3287.8,1389.9,2640.8,2779.8,1234.9,2346.3,2469.8,966.4,1836.2,1932.8,966.4,1836.2,1932.8
Fast Cover,Comprehensive Cruise,216,Days,245,Days,75,79,1810.9,3440.7,3621.8,1529.9,2906.8,3059.8,1359.9,2583.8,2719.8,1064.4,2022.4,2128.8,1064.4,2022.4,2128.8
Fast Cover,Comprehensive Cruise,246,Days,276,Days,75,79,1961.9,3727.6,3923.8,1657.9,3150,3315.8,1473.9,2800.4,2947.8,1153.2,2191.1,2306.4,1153.2,2191.1,2306.4
Fast Cover,Comprehensive Cruise,277,Days,306,Days,75,79,2071.9,3936.6,4143.8,1750.9,3326.7,3501.8,1556.9,2958.1,3113.8,1217.8,2313.8,2435.6,1217.8,2313.8,2435.6
Fast Cover,Comprehensive Cruise,307,Days,337,Days,75,79,2180.9,4143.7,4361.8,1843.9,3503.4,3687.8,1638.9,3113.9,3277.8,1282.4,2436.6,2564.8,1282.4,2436.6,2564.8
Fast Cover,Comprehensive Cruise,338,Days,366,Days,75,79,2353.9,4472.4,4707.8,1989.9,3780.8,3979.8,1768.9,3360.9,3537.8,1383.9,2629.4,2767.8,1383.9,2629.4,2767.8
Fast Cover,Comprehensive Cruise,1,Days,5,Days,80,99,275.9,524.2,551.8,232.9,442.5,465.8,206.9,393.1,413.8,180.9,343.7,361.8,180.9,343.7,361.8
Fast Cover,Comprehensive Cruise,6,Days,8,Days,80,99,292.9,556.5,585.8,247.9,471,495.8,220.9,419.7,441.8,192.9,366.5,385.8,192.9,366.5,385.8
Fast Cover,Comprehensive Cruise,9,Days,12,Days,80,99,358.9,681.9,717.8,303.9,577.4,607.8,269.9,512.8,539.8,235.9,448.2,471.8,235.9,448.2,471.8
Fast Cover,Comprehensive Cruise,13,Days,15,Days,80,99,379.9,721.8,759.8,320.9,609.7,641.8,285.9,543.2,571.8,249.9,474.8,499.8,249.9,474.8,499.8
Fast Cover,Comprehensive Cruise,16,Days,18,Days,80,99,418.9,795.9,837.8,353.9,672.4,707.8,314.9,598.3,629.8,275.9,524.2,551.8,275.9,524.2,551.8
Fast Cover,Comprehensive Cruise,19,Days,21,Days,80,99,532.9,1012.5,1065.8,450.9,856.7,901.8,399.9,759.8,799.8,349.9,664.8,699.8,349.9,664.8,699.8
Fast Cover,Comprehensive Cruise,22,Days,24,Days,80,99,562.9,1069.5,1125.8,475.9,904.2,951.8,422.9,803.5,845.8,369.9,702.8,739.8,369.9,702.8,739.8
Fast Cover,Comprehensive Cruise,25,Days,28,Days,80,99,670.9,1274.7,1341.8,566.9,1077.1,1133.8,503.9,957.4,1007.8,440.9,837.7,881.8,440.9,837.7,881.8
Fast Cover,Comprehensive Cruise,29,Days,32,Days,80,99,742.9,1411.5,1485.8,627.9,1193,1255.8,557.9,1060,1115.8,488.9,928.9,977.8,488.9,928.9,977.8
Fast Cover,Comprehensive Cruise,33,Days,35,Days,80,99,804.9,1529.3,1609.8,680.9,1293.7,1361.8,604.9,1149.3,1209.8,529.9,1006.8,1059.8,529.9,1006.8,1059.8
Fast Cover,Comprehensive Cruise,36,Days,40,Days,80,99,840.9,1597.7,1681.8,710.9,1350.7,1421.8,631.9,1200.6,1263.8,552.9,1050.5,1105.8,552.9,1050.5,1105.8
Fast Cover,Comprehensive Cruise,41,Days,45,Days,80,99,963.9,1831.4,1927.8,814.9,1548.3,1629.8,723.9,1375.4,1447.8,633.9,1204.4,1267.8,633.9,1204.4,1267.8
Fast Cover,Comprehensive Cruise,46,Days,54,Days,80,99,1022.9,1943.5,2045.8,864.9,1643.3,1729.8,768.9,1460.9,1537.8,672.9,1278.5,1345.8,672.9,1278.5,1345.8
Fast Cover,Comprehensive Cruise,55,Days,62,Days,80,99,1128.9,2144.9,2257.8,953.9,1812.4,1907.8,847.9,1611,1695.8,741.9,1409.6,1483.8,741.9,1409.6,1483.8
Fast Cover,Comprehensive Cruise,63,Days,92,Days,80,99,1499.9,2849.8,2999.8,1267.9,2409,2535.8,1126.9,2141.1,2253.8,985.9,1873.2,1971.8,985.9,1873.2,1971.8
Fast Cover,Comprehensive Cruise,93,Days,123,Days,80,99,1727.9,3283,3455.8,1459.9,2773.8,2919.8,1297.9,2466,2595.8,1135.9,2158.2,2271.8,1135.9,2158.2,2271.8
Fast Cover,Comprehensive Cruise,124,Days,153,Days,80,99,1981.9,3765.6,3963.8,1674.9,3182.3,3349.8,1488.9,2828.9,2977.8,1302.9,2475.5,2605.8,1302.9,2475.5,2605.8
Fast Cover,Comprehensive Cruise,154,Days,184,Days,80,99,2289.9,4350.8,4579.8,1935.9,3678.2,3871.8,1720.9,3269.7,3441.8,1505.9,2861.2,3011.8,1505.9,2861.2,3011.8
Fast Cover,Comprehensive Cruise,185,Days,215,Days,80,99,2508.9,4766.9,5017.8,2119.9,4027.8,4239.8,1884.9,3581.3,3769.8,1648.9,3132.9,3297.8,1648.9,3132.9,3297.8
Fast Cover,Comprehensive Cruise,216,Days,245,Days,80,99,2762.9,5249.5,5525.8,2335.9,4438.2,4671.8,2075.9,3944.2,4151.8,1816.9,3452.1,3633.8,1816.9,3452.1,3633.8
Fast Cover,Comprehensive Cruise,246,Days,276,Days,80,99,2993.9,5688.4,5987.8,2529.9,4806.8,5059.8,2248.9,4272.9,4497.8,1967.9,3739,3935.8,1967.9,3739,3935.8
Fast Cover,Comprehensive Cruise,277,Days,306,Days,80,99,3161.9,6007.6,6323.8,2671.9,5076.6,5343.8,2374.9,4512.3,4749.8,2077.9,3948,4155.8,2077.9,3948,4155.8
Fast Cover,Comprehensive Cruise,307,Days,337,Days,80,99,3328.9,6324.9,6657.8,2813.9,5346.4,5627.8,2500.9,4751.7,5001.8,2188.9,4158.9,4377.8,2188.9,4158.9,4377.8
Fast Cover,Comprehensive Cruise,338,Days,366,Days,80,99,3591.9,6824.6,7183.8,3035.9,5768.2,6071.8,2698.9,5127.9,5397.8,2361.9,4487.6,4723.8,2361.9,4487.6,4723.8
Fast Cover,Standard Cruise,1,Days,5,Days,16,59,60.7,115.3,121.4,51.3,97.5,102.6,45.7,86.8,91.4,39.2,74.5,78.4,39.2,74.5,78.4
Fast Cover,Standard Cruise,6,Days,8,Days,16,59,64.7,122.9,129.4,54.6,103.7,109.2,48.6,92.3,97.2,41.8,79.4,83.6,41.8,79.4,83.6
Fast Cover,Standard Cruise,9,Days,12,Days,16,59,74,140.6,148,67,127.3,134,59.5,113.1,119,48,91.2,96,48,91.2,96
Fast Cover,Standard Cruise,13,Days,15,Days,16,59,80,152,160,70.8,134.5,141.6,62.9,119.5,125.8,51.5,97.9,103,51.5,97.9,103
Fast Cover,Standard Cruise,16,Days,18,Days,16,59,88,167.2,176,78,148.2,156,69.4,131.9,138.8,59.7,113.4,119.4,59.7,113.4,119.4
Fast Cover,Standard Cruise,19,Days,21,Days,16,59,117.5,223.3,235,99.3,188.7,198.6,88.3,167.8,176.6,75.9,144.2,151.8,75.9,144.2,151.8
Fast Cover,Standard Cruise,22,Days,24,Days,16,59,124.1,235.8,248.2,104.9,199.3,209.8,93.3,177.3,186.6,80.3,152.6,160.6,80.3,152.6,160.6
Fast Cover,Standard Cruise,25,Days,28,Days,16,59,133.5,253.7,267,122.9,233.5,245.8,111.1,211.1,222.2,95.5,181.5,191,95.5,181.5,191
Fast Cover,Standard Cruise,29,Days,32,Days,16,59,163.8,311.2,327.6,136,258.4,272,123.1,233.9,246.2,105.9,201.2,211.8,105.9,201.2,211.8
Fast Cover,Standard Cruise,33,Days,35,Days,16,59,163,309.7,326,147.5,280.3,295,133.4,253.5,266.8,114.7,217.9,229.4,114.7,217.9,229.4
Fast Cover,Standard Cruise,36,Days,40,Days,16,59,185.3,352.1,370.6,154.1,292.8,308.2,139.2,264.5,278.4,119.8,227.6,239.6,119.8,227.6,239.6
Fast Cover,Standard Cruise,41,Days,45,Days,16,59,190,361,380,176.5,335.4,353,159.6,303.2,319.2,137.3,260.9,274.6,137.3,260.9,274.6
Fast Cover,Standard Cruise,46,Days,54,Days,16,59,225.4,428.3,450.8,187.3,355.9,374.6,169.3,321.7,338.6,145.7,276.8,291.4,145.7,276.8,291.4
Fast Cover,Standard Cruise,55,Days,62,Days,16,59,248.7,472.5,497.4,206.7,392.7,413.4,186.9,355.1,373.8,160.8,305.5,321.6,160.8,305.5,321.6
Fast Cover,Standard Cruise,63,Days,92,Days,16,59,330.6,628.1,661.2,274.7,521.9,549.4,248.4,472,496.8,213.6,405.8,427.2,213.6,405.8,427.2
Fast Cover,Standard Cruise,93,Days,123,Days,16,59,380.7,723.3,761.4,316.4,601.2,632.8,286.1,543.6,572.2,246.1,467.6,492.2,246.1,467.6,492.2
Fast Cover,Standard Cruise,124,Days,153,Days,16,59,436.8,829.9,873.6,362.9,689.5,725.8,328.2,623.6,656.4,282.3,536.4,564.6,282.3,536.4,564.6
Fast Cover,Standard Cruise,154,Days,184,Days,16,59,504.8,959.1,1009.6,419.4,796.9,838.8,379.3,720.7,758.6,326.3,620,652.6,326.3,620,652.6
Fast Cover,Standard Cruise,185,Days,215,Days,16,59,553,1050.7,1106,459.5,873.1,919,415.4,789.3,830.8,357.4,679.1,714.8,357.4,679.1,714.8
Fast Cover,Standard Cruise,216,Days,245,Days,16,59,609.1,1157.3,1218.2,506.1,961.6,1012.2,457.6,869.4,915.2,393.7,748,787.4,393.7,748,787.4
Fast Cover,Standard Cruise,246,Days,276,Days,16,59,659.8,1253.6,1319.6,548.4,1042,1096.8,495.7,941.8,991.4,426.5,810.4,853,426.5,810.4,853
Fast Cover,Standard Cruise,277,Days,306,Days,16,59,696.8,1323.9,1393.6,579.1,1100.3,1158.2,523.6,994.8,1047.2,450.3,855.6,900.6,450.3,855.6,900.6
Fast Cover,Standard Cruise,307,Days,337,Days,16,59,733.7,1394,1467.4,609.8,1158.6,1219.6,551.3,1047.5,1102.6,474.2,901,948.4,474.2,901,948.4
Fast Cover,Standard Cruise,338,Days,366,Days,16,59,791.9,1504.6,1583.8,658,1250.2,1316,561,1065.9,1122,511.8,972.4,1023.6,511.8,972.4,1023.6
Fast Cover,Standard Cruise,1,Days,5,Days,60,69,72.8,138.3,145.6,61.6,117,123.2,54.7,103.9,109.4,47.1,89.5,94.2,47.1,89.5,94.2
Fast Cover,Standard Cruise,6,Days,8,Days,60,69,77.6,147.4,155.2,65.6,124.6,131.2,58.3,110.8,116.6,50.2,95.4,100.4,50.2,95.4,100.4
Fast Cover,Standard Cruise,9,Days,12,Days,60,69,95,180.5,190,80.3,152.6,160.6,71.4,135.7,142.8,61.4,116.7,122.8,61.4,116.7,122.8
Fast Cover,Standard Cruise,13,Days,15,Days,60,69,100.5,191,201,85,161.5,170,75.6,143.6,151.2,65,123.5,130,65,123.5,130
Fast Cover,Standard Cruise,16,Days,18,Days,60,69,110.9,210.7,221.8,93.7,178,187.4,83.2,158.1,166.4,71.7,136.2,143.4,71.7,136.2,143.4
Fast Cover,Standard Cruise,19,Days,21,Days,60,69,141,267.9,282,119.1,226.3,238.2,105.9,201.2,211.8,91,172.9,182,91,172.9,182
Fast Cover,Standard Cruise,22,Days,24,Days,60,69,148.9,282.9,297.8,125.9,239.2,251.8,112,212.8,224,96.3,183,192.6,96.3,183,192.6
Fast Cover,Standard Cruise,25,Days,28,Days,60,69,163,309.7,326,147.4,280.1,294.8,133.3,253.3,266.6,114.6,217.7,229.2,114.6,217.7,229.2
Fast Cover,Standard Cruise,29,Days,32,Days,60,69,196.5,373.4,393,163.3,310.3,326.6,147.7,280.6,295.4,127,241.3,254,127,241.3,254
Fast Cover,Standard Cruise,33,Days,35,Days,60,69,200,380,400,177,336.3,354,160,304,320,137.7,261.6,275.4,137.7,261.6,275.4
Fast Cover,Standard Cruise,36,Days,40,Days,60,69,222.5,422.8,445,184.9,351.3,369.8,167.1,317.5,334.2,143.7,273,287.4,143.7,273,287.4
Fast Cover,Standard Cruise,41,Days,45,Days,60,69,240,456,480,211.9,402.6,423.8,191.5,363.9,383,164.7,312.9,329.4,164.7,312.9,329.4
Fast Cover,Standard Cruise,46,Days,54,Days,60,69,270.5,514,541,224.8,427.1,449.6,203.3,386.3,406.6,174.8,332.1,349.6,174.8,332.1,349.6
Fast Cover,Standard Cruise,55,Days,62,Days,60,69,280,532,560,248,471.2,496,224.3,426.2,448.6,192.9,366.5,385.8,192.9,366.5,385.8
Fast Cover,Standard Cruise,63,Days,92,Days,60,69,396.8,753.9,793.6,329.7,626.4,659.4,298,566.2,596,256.3,487,512.6,256.3,487,512.6
Fast Cover,Standard Cruise,93,Days,123,Days,60,69,456.9,868.1,913.8,379.7,721.4,759.4,343.2,652.1,686.4,295.3,561.1,590.6,295.3,561.1,590.6
Fast Cover,Standard Cruise,124,Days,153,Days,60,69,524.2,996,1048.4,435.6,827.6,871.2,393.8,748.2,787.6,338.8,643.7,677.6,338.8,643.7,677.6
Fast Cover,Standard Cruise,154,Days,184,Days,60,69,605.8,1151,1211.6,503.4,956.5,1006.8,455.2,864.9,910.4,391.5,743.9,783,391.5,743.9,783
Fast Cover,Standard Cruise,185,Days,215,Days,60,69,663.6,1260.8,1327.2,551.4,1047.7,1102.8,498.6,947.3,997.2,428.9,814.9,857.8,428.9,814.9,857.8
Fast Cover,Standard Cruise,216,Days,245,Days,60,69,730.8,1388.5,1461.6,607.3,1153.9,1214.6,549.2,1043.5,1098.4,472.4,897.6,944.8,472.4,897.6,944.8
Fast Cover,Standard Cruise,246,Days,276,Days,60,69,791.9,1504.6,1583.8,658,1250.2,1316,594.9,1130.3,1189.8,511.8,972.4,1023.6,511.8,972.4,1023.6
Fast Cover,Standard Cruise,277,Days,306,Days,60,69,836.3,1589,1672.6,694.8,1320.1,1389.6,628.2,1193.6,1256.4,540.4,1026.8,1080.8,540.4,1026.8,1080.8
Fast Cover,Standard Cruise,307,Days,337,Days,60,69,880.5,1673,1761,731.6,1390,1463.2,661.6,1257,1323.2,569.1,1081.3,1138.2,569.1,1081.3,1138.2
Fast Cover,Standard Cruise,338,Days,366,Days,60,69,950.2,1805.4,1900.4,789.6,1500.2,1579.2,714,1356.6,1428,614.2,1167,1228.4,614.2,1167,1228.4
Fast Cover,Standard Cruise,1,Days,5,Days,70,74,98.9,187.9,197.8,83.9,159.4,167.8,74.9,142.3,149.8,64.9,123.3,129.8,64.9,123.3,129.8
Fast Cover,Standard Cruise,6,Days,8,Days,70,74,105.9,201.2,211.8,88.9,168.9,177.8,78.9,149.9,157.8,69.9,132.8,139.8,69.9,132.8,139.8
Fast Cover,Standard Cruise,9,Days,12,Days,70,74,129.9,246.8,259.8,108.9,206.9,217.8,96.9,184.1,193.8,84.9,161.3,169.8,84.9,161.3,169.8
Fast Cover,Standard Cruise,13,Days,15,Days,70,74,136.9,260.1,273.8,115.9,220.2,231.8,102.9,195.5,205.8,89.9,170.8,179.8,89.9,170.8,179.8
Fast Cover,Standard Cruise,16,Days,18,Days,70,74,150.9,286.7,301.8,127.9,243,255.8,113.9,216.4,227.8,98.9,187.9,197.8,98.9,187.9,197.8
Fast Cover,Standard Cruise,19,Days,21,Days,70,74,191.9,364.6,383.8,161.9,307.6,323.8,143.9,273.4,287.8,125.9,239.2,251.8,125.9,239.2,251.8
Fast Cover,Standard Cruise,22,Days,24,Days,70,74,202.9,385.5,405.8,170.9,324.7,341.8,152.9,290.5,305.8,132.9,252.5,265.8,132.9,252.5,265.8
Fast Cover,Standard Cruise,25,Days,28,Days,70,74,230.9,438.7,461.8,203.9,387.4,407.8,181.9,345.6,363.8,158.9,301.9,317.8,158.9,301.9,317.8
Fast Cover,Standard Cruise,29,Days,32,Days,70,74,267.9,509,535.8,225.9,429.2,451.8,200.9,381.7,401.8,175.9,334.2,351.8,175.9,334.2,351.8
Fast Cover,Standard Cruise,33,Days,35,Days,70,74,255.9,486.2,511.8,244.9,465.3,489.8,217.9,414,435.8,190.9,362.7,381.8,190.9,362.7,381.8
Fast Cover,Standard Cruise,36,Days,40,Days,70,74,302.9,575.5,605.8,255.9,486.2,511.8,227.9,433,455.8,198.9,377.9,397.8,198.9,377.9,397.8
Fast Cover,Standard Cruise,41,Days,45,Days,70,74,346.9,659.1,693.8,293.9,558.4,587.8,260.9,495.7,521.8,227.9,433,455.8,227.9,433,455.8
Fast Cover,Standard Cruise,46,Days,54,Days,70,74,368.9,700.9,737.8,310.9,590.7,621.8,276.9,526.1,553.8,241.9,459.6,483.8,241.9,459.6,483.8
Fast Cover,Standard Cruise,55,Days,62,Days,70,74,406.9,773.1,813.8,343.9,653.4,687.8,304.9,579.3,609.8,266.9,507.1,533.8,266.9,507.1,533.8
Fast Cover,Standard Cruise,63,Days,92,Days,70,74,539.9,1025.8,1079.8,456.9,868.1,913.8,405.9,771.2,811.8,354.9,674.3,709.8,354.9,674.3,709.8
Fast Cover,Standard Cruise,93,Days,123,Days,70,74,621.9,1181.6,1243.8,525.9,999.2,1051.8,466.9,887.1,933.8,408.9,776.9,817.8,408.9,776.9,817.8
Fast Cover,Standard Cruise,124,Days,153,Days,70,74,713.9,1356.4,1427.8,602.9,1145.5,1205.8,535.9,1018.2,1071.8,468.9,890.9,937.8,468.9,890.9,937.8
Fast Cover,Standard Cruise,154,Days,184,Days,70,74,824.9,1567.3,1649.8,696.9,1324.1,1393.8,619.9,1177.8,1239.8,541.9,1029.6,1083.8,541.9,1029.6,1083.8
Fast Cover,Standard Cruise,185,Days,215,Days,70,74,903.9,1717.4,1807.8,763.9,1451.4,1527.8,678.9,1289.9,1357.8,593.9,1128.4,1187.8,593.9,1128.4,1187.8
Fast Cover,Standard Cruise,216,Days,245,Days,70,74,994.9,1890.3,1989.8,840.9,1597.7,1681.8,747.9,1421,1495.8,653.9,1242.4,1307.8,653.9,1242.4,1307.8
Fast Cover,Standard Cruise,246,Days,276,Days,70,74,1077.9,2048,2155.8,910.9,1730.7,1821.8,809.9,1538.8,1619.8,708.9,1346.9,1417.8,708.9,1346.9,1417.8
Fast Cover,Standard Cruise,277,Days,306,Days,70,74,1138.9,2163.9,2277.8,961.9,1827.6,1923.8,855.9,1626.2,1711.8,748.9,1422.9,1497.8,748.9,1422.9,1497.8
Fast Cover,Standard Cruise,307,Days,337,Days,70,74,1198.9,2277.9,2397.8,1012.9,1924.5,2025.8,900.9,1711.7,1801.8,787.9,1497,1575.8,787.9,1497,1575.8
Fast Cover,Standard Cruise,338,Days,366,Days,70,74,1293.9,2458.4,2587.8,1093.9,2078.4,2187.8,971.9,1846.6,1943.8,850.9,1616.7,1701.8,850.9,1616.7,1701.8
Fast Cover,Standard Cruise,1,Days,5,Days,75,79,139.9,265.8,279.8,118.9,225.9,237.8,105.9,201.2,211.8,91.9,174.6,183.8,91.9,174.6,183.8
Fast Cover,Standard Cruise,6,Days,8,Days,75,79,149.9,284.8,299.8,126.9,241.1,253.8,111.9,212.6,223.8,97.9,186,195.8,97.9,186,195.8
Fast Cover,Standard Cruise,9,Days,12,Days,75,79,182.9,347.5,365.8,154.9,294.3,309.8,137.9,262,275.8,120.9,229.7,241.8,120.9,229.7,241.8
Fast Cover,Standard Cruise,13,Days,15,Days,75,79,193.9,368.4,387.8,163.9,311.4,327.8,145.9,277.2,291.8,126.9,241.1,253.8,126.9,241.1,253.8
Fast Cover,Standard Cruise,16,Days,18,Days,75,79,213.9,406.4,427.8,180.9,343.7,361.8,159.9,303.8,319.8,139.9,265.8,279.8,139.9,265.8,279.8
Fast Cover,Standard Cruise,19,Days,21,Days,75,79,271.9,516.6,543.8,229.9,436.8,459.8,203.9,387.4,407.8,178.9,339.9,357.8,178.9,339.9,357.8
Fast Cover,Standard Cruise,22,Days,24,Days,75,79,286.9,545.1,573.8,242.9,461.5,485.8,215.9,410.2,431.8,188.9,358.9,377.8,188.9,358.9,377.8
Fast Cover,Standard Cruise,25,Days,28,Days,75,79,341.9,649.6,683.8,288.9,548.9,577.8,256.9,488.1,513.8,224.9,427.3,449.8,224.9,427.3,449.8
Fast Cover,Standard Cruise,29,Days,32,Days,75,79,378.9,719.9,757.8,319.9,607.8,639.8,284.9,541.3,569.8,248.9,472.9,497.8,248.9,472.9,497.8
Fast Cover,Standard Cruise,33,Days,35,Days,75,79,409.9,778.8,819.8,346.9,659.1,693.8,307.9,585,615.8,269.9,512.8,539.8,269.9,512.8,539.8
Fast Cover,Standard Cruise,36,Days,40,Days,75,79,428.9,814.9,857.8,361.9,687.6,723.8,321.9,611.6,643.8,281.9,535.6,563.8,281.9,535.6,563.8
Fast Cover,Standard Cruise,41,Days,45,Days,75,79,490.9,932.7,981.8,414.9,788.3,829.8,368.9,700.9,737.8,322.9,613.5,645.8,322.9,613.5,645.8
Fast Cover,Standard Cruise,46,Days,54,Days,75,79,520.9,989.7,1041.8,440.9,837.7,881.8,391.9,744.6,783.8,342.9,651.5,685.8,342.9,651.5,685.8
Fast Cover,Standard Cruise,55,Days,62,Days,75,79,574.9,1092.3,1149.8,485.9,923.2,971.8,431.9,820.6,863.8,377.9,718,755.8,377.9,718,755.8
Fast Cover,Standard Cruise,63,Days,92,Days,75,79,763.9,1451.4,1527.8,645.9,1227.2,1291.8,573.9,1090.4,1147.8,502.9,955.5,1005.8,502.9,955.5,1005.8
Fast Cover,Standard Cruise,93,Days,123,Days,75,79,879.9,1671.8,1759.8,743.9,1413.4,1487.8,660.9,1255.7,1321.8,578.9,1099.9,1157.8,578.9,1099.9,1157.8
Fast Cover,Standard Cruise,124,Days,153,Days,75,79,1009.9,1918.8,2019.8,853.9,1622.4,1707.8,758.9,1441.9,1517.8,663.9,1261.4,1327.8,663.9,1261.4,1327.8
Fast Cover,Standard Cruise,154,Days,184,Days,75,79,1166.9,2217.1,2333.8,985.9,1873.2,1971.8,876.9,1666.1,1753.8,766.9,1457.1,1533.8,766.9,1457.1,1533.8
Fast Cover,Standard Cruise,185,Days,215,Days,75,79,1277.9,2428,2555.8,1080.9,2053.7,2161.8,960.9,1825.7,1921.8,839.9,1595.8,1679.8,839.9,1595.8,1679.8
Fast Cover,Standard Cruise,216,Days,245,Days,75,79,1407.9,2675,2815.8,1189.9,2260.8,2379.8,1057.9,2010,2115.8,925.9,1759.2,1851.8,925.9,1759.2,1851.8
Fast Cover,Standard Cruise,246,Days,276,Days,75,79,1524.9,2897.3,3049.8,1288.9,2448.9,2577.8,1145.9,2177.2,2291.8,1002.9,1905.5,2005.8,1002.9,1905.5,2005.8
Fast Cover,Standard Cruise,277,Days,306,Days,75,79,1610.9,3060.7,3221.8,1360.9,2585.7,2721.8,1209.9,2298.8,2419.8,1058.9,2011.9,2117.8,1058.9,2011.9,2117.8
Fast Cover,Standard Cruise,307,Days,337,Days,75,79,1695.9,3222.2,3391.8,1433.9,2724.4,2867.8,1273.9,2420.4,2547.8,1114.9,2118.3,2229.8,1114.9,2118.3,2229.8
Fast Cover,Standard Cruise,338,Days,366,Days,75,79,1829.9,3476.8,3659.8,1546.9,2939.1,3093.8,1374.9,2612.3,2749.8,1202.9,2285.5,2405.8,1202.9,2285.5,2405.8
Fast Cover,Standard Cruise,1,Days,5,Days,80,99,225.9,429.2,451.8,190.9,362.7,381.8,169.9,322.8,339.8,148.9,282.9,297.8,148.9,282.9,297.8
Fast Cover,Standard Cruise,6,Days,8,Days,80,99,240.9,457.7,481.8,202.9,385.5,405.8,180.9,343.7,361.8,157.9,300,315.8,157.9,300,315.8
Fast Cover,Standard Cruise,9,Days,12,Days,80,99,294.9,560.3,589.8,248.9,472.9,497.8,220.9,419.7,441.8,193.9,368.4,387.8,193.9,368.4,387.8
Fast Cover,Standard Cruise,13,Days,15,Days,80,99,311.9,592.6,623.8,263.9,501.4,527.8,233.9,444.4,467.8,204.9,389.3,409.8,204.9,389.3,409.8
Fast Cover,Standard Cruise,16,Days,18,Days,80,99,343.9,653.4,687.8,290.9,552.7,581.8,257.9,490,515.8,225.9,429.2,451.8,225.9,429.2,451.8
Fast Cover,Standard Cruise,19,Days,21,Days,80,99,436.9,830.1,873.8,368.9,700.9,737.8,327.9,623,655.8,286.9,545.1,573.8,286.9,545.1,573.8
Fast Cover,Standard Cruise,22,Days,24,Days,80,99,461.9,877.6,923.8,389.9,740.8,779.8,346.9,659.1,693.8,303.9,577.4,607.8,303.9,577.4,607.8
Fast Cover,Standard Cruise,25,Days,28,Days,80,99,549.9,1044.8,1099.8,464.9,883.3,929.8,412.9,784.5,825.8,361.9,687.6,723.8,361.9,687.6,723.8
Fast Cover,Standard Cruise,29,Days,32,Days,80,99,608.9,1156.9,1217.8,514.9,978.3,1029.8,457.9,870,915.8,400.9,761.7,801.8,400.9,761.7,801.8
Fast Cover,Standard Cruise,33,Days,35,Days,80,99,659.9,1253.8,1319.8,557.9,1060,1115.8,495.9,942.2,991.8,433.9,824.4,867.8,433.9,824.4,867.8
Fast Cover,Standard Cruise,36,Days,40,Days,80,99,689.9,1310.8,1379.8,582.9,1107.5,1165.8,517.9,984,1035.8,452.9,860.5,905.8,452.9,860.5,905.8
Fast Cover,Standard Cruise,41,Days,45,Days,80,99,790.9,1502.7,1581.8,667.9,1269,1335.8,593.9,1128.4,1187.8,519.9,987.8,1039.8,519.9,987.8,1039.8
Fast Cover,Standard Cruise,46,Days,54,Days,80,99,838.9,1593.9,1677.8,708.9,1346.9,1417.8,629.9,1196.8,1259.8,550.9,1046.7,1101.8,550.9,1046.7,1101.8
Fast Cover,Standard Cruise,55,Days,62,Days,80,99,925.9,1759.2,1851.8,781.9,1485.6,1563.8,694.9,1320.3,1389.8,608.9,1156.9,1217.8,608.9,1156.9,1217.8
Fast Cover,Standard Cruise,63,Days,92,Days,80,99,1229.9,2336.8,2459.8,1039.9,1975.8,2079.8,923.9,1755.4,1847.8,808.9,1536.9,1617.8,808.9,1536.9,1617.8
Fast Cover,Standard Cruise,93,Days,123,Days,80,99,1415.9,2690.2,2831.8,1196.9,2274.1,2393.8,1063.9,2021.4,2127.8,930.9,1768.7,1861.8,930.9,1768.7,1861.8
Fast Cover,Standard Cruise,124,Days,153,Days,80,99,1624.9,3087.3,3249.8,1373.9,2610.4,2747.8,1220.9,2319.7,2441.8,1068.9,2030.9,2137.8,1068.9,2030.9,2137.8
Fast Cover,Standard Cruise,154,Days,184,Days,80,99,1877.9,3568,3755.8,1586.9,3015.1,3173.8,1410.9,2680.7,2821.8,1234.9,2346.3,2469.8,1234.9,2346.3,2469.8
Fast Cover,Standard Cruise,185,Days,215,Days,80,99,2056.9,3908.1,4113.8,1738.9,3303.9,3477.8,1545.9,2937.2,3091.8,1352.9,2570.5,2705.8,1352.9,2570.5,2705.8
Fast Cover,Standard Cruise,216,Days,245,Days,80,99,2265.9,4305.2,4531.8,1914.9,3638.3,3829.8,1702.9,3235.5,3405.8,1489.9,2830.8,2979.8,1489.9,2830.8,2979.8
Fast Cover,Standard Cruise,246,Days,276,Days,80,99,2454.9,4664.3,4909.8,2074.9,3942.3,4149.8,1844.9,3505.3,3689.8,1613.9,3066.4,3227.8,1613.9,3066.4,3227.8
Fast Cover,Standard Cruise,277,Days,306,Days,80,99,2592.9,4926.5,5185.8,2190.9,4162.7,4381.8,1947.9,3701,3895.8,1703.9,3237.4,3407.8,1703.9,3237.4,3407.8
Fast Cover,Standard Cruise,307,Days,337,Days,80,99,2729.9,5186.8,5459.8,2306.9,4383.1,4613.8,2050.9,3896.7,4101.8,1794.9,3410.3,3589.8,1794.9,3410.3,3589.8
Fast Cover,Standard Cruise,338,Days,366,Days,80,99,2945.9,5597.2,5891.8,2489.9,4730.8,4979.8,2212.9,4204.5,4425.8,1936.9,3680.1,3873.8,1936.9,3680.1,3873.8
Fast Cover,Comprehensive Snow with Cruise,1,Days,5,Days,16,59,92.7,176.1,185.4,78.3,148.8,156.6,69.6,132.2,139.2,60,114,120,60,114,120
Fast Cover,Comprehensive Snow with Cruise,6,Days,8,Days,16,59,98.6,187.3,197.2,83.3,158.3,166.6,74.1,140.8,148.2,63.8,121.2,127.6,63.8,121.2,127.6
Fast Cover,Comprehensive Snow with Cruise,9,Days,12,Days,16,59,120.3,228.6,240.6,101.6,193,203.2,90.4,171.8,180.8,77.8,147.8,155.6,77.8,147.8,155.6
Fast Cover,Comprehensive Snow with Cruise,13,Days,15,Days,16,59,127.8,242.8,255.6,108,205.2,216,96.1,182.6,192.2,82.7,157.1,165.4,82.7,157.1,165.4
Fast Cover,Comprehensive Snow with Cruise,16,Days,18,Days,16,59,140.3,266.6,280.6,118.6,225.3,237.2,105.4,200.3,210.8,90.8,172.5,181.6,90.8,172.5,181.6
Fast Cover,Comprehensive Snow with Cruise,19,Days,21,Days,16,59,178.8,339.7,357.6,151.1,287.1,302.2,134.3,255.2,268.6,115.7,219.8,231.4,115.7,219.8,231.4
Fast Cover,Comprehensive Snow with Cruise,22,Days,24,Days,16,59,206.2,391.8,412.4,174.3,331.2,348.6,154.9,294.3,309.8,133.5,253.7,267,133.5,253.7,267
Fast Cover,Comprehensive Snow with Cruise,25,Days,28,Days,16,59,224.7,426.9,449.4,186.9,355.1,373.8,168.8,320.7,337.6,145.4,276.3,290.8,145.4,276.3,290.8
Fast Cover,Comprehensive Snow with Cruise,29,Days,32,Days,16,59,253.4,481.5,506.8,210.8,400.5,421.6,190.4,361.8,380.8,164,311.6,328,164,311.6,328
Fast Cover,Comprehensive Snow with Cruise,33,Days,35,Days,16,59,269.8,512.6,539.6,224.5,426.6,449,202.7,385.1,405.4,174.6,331.7,349.2,174.6,331.7,349.2
Fast Cover,Comprehensive Snow with Cruise,36,Days,40,Days,16,59,306,581.4,612,254.5,483.6,509,229.9,436.8,459.8,198,376.2,396,198,376.2,396
Fast Cover,Comprehensive Snow with Cruise,41,Days,45,Days,16,59,323.3,614.3,646.6,268.9,510.9,537.8,242.9,461.5,485.8,209.1,397.3,418.2,209.1,397.3,418.2
Fast Cover,Comprehensive Snow with Cruise,46,Days,54,Days,16,59,335.6,637.6,671.2,279.1,530.3,558.2,252.1,479,504.2,217,412.3,434,217,412.3,434
Fast Cover,Comprehensive Snow with Cruise,55,Days,62,Days,16,59,378.4,719,756.8,314.8,598.1,629.6,284.3,540.2,568.6,244.8,465.1,489.6,244.8,465.1,489.6
Fast Cover,Comprehensive Snow with Cruise,63,Days,92,Days,16,59,502.9,955.5,1005.8,407.8,774.8,815.6,377.9,718,755.8,325.3,618.1,650.6,325.3,618.1,650.6
Fast Cover,Comprehensive Snow with Cruise,93,Days,123,Days,16,59,578.9,1099.9,1157.8,469.5,892.1,939,434.9,826.3,869.8,365.1,693.7,730.2,365.1,693.7,730.2
Fast Cover,Comprehensive Snow with Cruise,124,Days,153,Days,16,59,664.1,1261.8,1328.2,538.6,1023.3,1077.2,499,948.1,998,418.9,795.9,837.8,418.9,795.9,837.8
Fast Cover,Comprehensive Snow with Cruise,154,Days,184,Days,16,59,766.9,1457.1,1533.8,621.9,1181.6,1243.8,576.1,1094.6,1152.2,483.7,919,967.4,483.7,919,967.4
Fast Cover,Comprehensive Snow with Cruise,185,Days,215,Days,16,59,840.4,1596.8,1680.8,681.5,1294.9,1363,631.4,1199.7,1262.8,530.1,1007.2,1060.2,530.1,1007.2,1060.2
Fast Cover,Comprehensive Snow with Cruise,216,Days,245,Days,16,59,925.6,1758.6,1851.2,750.6,1426.1,1501.2,695.4,1321.3,1390.8,583.8,1109.2,1167.6,583.8,1109.2,1167.6
Fast Cover,Comprehensive Snow with Cruise,246,Days,276,Days,16,59,1002.4,1904.6,2004.8,812.9,1544.5,1625.8,753.1,1430.9,1506.2,632.4,1201.6,1264.8,632.4,1201.6,1264.8
Fast Cover,Comprehensive Snow with Cruise,277,Days,306,Days,16,59,1059.2,2012.5,2118.4,859,1632.1,1718,795.8,1512,1591.6,668.2,1269.6,1336.4,668.2,1269.6,1336.4
Fast Cover,Comprehensive Snow with Cruise,307,Days,337,Days,16,59,1115.2,2118.9,2230.4,904.5,1718.6,1809,837.9,1592,1675.8,703.5,1336.7,1407,703.5,1336.7,1407
Fast Cover,Comprehensive Snow with Cruise,338,Days,366,Days,16,59,1202.9,2285.5,2405.8,975.7,1853.8,1951.4,903.7,1717,1807.4,758.8,1441.7,1517.6,758.8,1441.7,1517.6
Fast Cover,Multi Trip Asia Pacific,1,Days,365,Days,16,59,285,,,,,,,,,,,,,,
Fast Cover,Multi Trip Worldwide,1,Days,365,Days,16,59,495.9,,,,,,,,,,,,,,
